Episode,Scenario,Weather,LateralDeviation_m
1,A,CM,0.538
2,A,CM,0.537
3,A,CM,0.513
4,A,CM,0.504
5,A,CM,0.511
6,A,CM,0.529
7,A,CM,0.527
8,A,CM,0.532
9,A,CM,0.554
10,A,CM,0.558
11,A,CM,0.605
12,A,CM,0.571
13,A,CM,0.614
14,A,CM,0.597
15,A,CM,0.565
16,A,CM,0.541
17,A,CM,0.522
18,A,CM,0.53
19,A,CM,0.54
20,A,CM,0.518
21,A,CM,0.518
22,A,CM,0.5
23,A,CM,0.487
24,A,CM,0.543
25,A,CM,0.552
26,A,CM,0.578
27,A,CM,0.543
28,A,CM,0.526
29,A,CM,0.519
30,A,CM,0.514
31,A,CM,0.533
32,A,CM,0.525
33,A,CM,0.529
34,A,CM,0.542
35,A,CM,0.515
36,A,CM,0.539
37,A,CM,0.564
38,A,CM,0.561
39,A,CM,0.57
40,A,CM,0.552
41,A,CM,0.557
42,A,CM,0.58
43,A,CM,0.541
44,A,CM,0.514
45,A,CM,0.539
46,A,CM,0.532
47,A,CM,0.525
48,A,CM,0.545
49,A,CM,0.545
50,A,CM,0.582
51,A,CM,0.575
52,A,CM,0.583
53,A,CM,0.604
54,A,CM,0.604
55,A,CM,0.559
56,A,CM,0.531
57,A,CM,0.526
58,A,CM,0.544
59,A,CM,0.545
60,A,CM,0.542
61,A,CM,0.57
62,A,CM,0.569
63,A,CM,0.55
64,A,CM,0.544
65,A,CM,0.55
66,A,CM,0.522
67,A,CM,0.52
68,A,CM,0.498
69,A,CM,0.555
70,A,CM,0.514
71,A,CM,0.55
72,A,CM,0.535
73,A,CM,0.493
74,A,CM,0.555
75,A,CM,0.547
76,A,CM,0.523
77,A,CM,0.548
78,A,CM,0.574
79,A,CM,0.617
80,A,CM,0.57
81,A,CM,0.553
82,A,CM,0.548
83,A,CM,0.532
84,A,CM,0.567
85,A,CM,0.541
86,A,CM,0.57
87,A,CM,0.581
88,A,CM,0.547
89,A,CM,0.531
90,A,CM,0.52
91,A,CM,0.507
92,A,CM,0.5
93,A,CM,0.553
94,A,CM,0.556
95,A,CM,0.546
96,A,CM,0.513
97,A,CM,0.529
98,A,CM,0.531
99,A,CM,0.575
100,A,CM,0.535
101,A,CM,0.539
102,A,CM,0.523
103,A,CM,0.539
104,A,CM,0.525
105,A,CM,0.517
106,A,CM,0.553
107,A,CM,0.524
108,A,CM,0.517
109,A,CM,0.492
110,A,CM,0.513
111,A,CM,0.511
112,A,CM,0.504
113,A,CM,0.521
114,A,CM,0.515
115,A,CM,0.546
116,A,CM,0.505
117,A,CM,0.484
118,A,CM,0.485
119,A,CM,0.53
120,A,CM,0.542
121,A,CM,0.547
122,A,CM,0.547
123,A,CM,0.564
124,A,CM,0.552
125,A,CM,0.55
126,A,CM,0.537
127,A,CM,0.552
128,A,CM,0.568
129,A,CM,0.566
130,A,CM,0.528
131,A,CM,0.549
132,A,CM,0.557
133,A,CM,0.559
134,A,CM,0.529
135,A,CM,0.552
136,A,CM,0.543
137,A,CM,0.548
138,A,CM,0.578
139,A,CM,0.565
140,A,CM,0.571
141,A,CM,0.569
142,A,CM,0.561
143,A,CM,0.564
144,A,CM,0.555
145,A,CM,0.586
146,A,CM,0.568
147,A,CM,0.561
148,A,CM,0.552
149,A,CM,0.556
150,A,CM,0.56
151,A,CM,0.547
152,A,CM,0.537
153,A,CM,0.508
154,A,CM,0.508
155,A,CM,0.509
156,A,CM,0.542
157,A,CM,0.542
158,A,CM,0.543
159,A,CM,0.546
160,A,CM,0.564
161,A,CM,0.583
162,A,CM,0.555
163,A,CM,0.556
164,A,CM,0.542
165,A,CM,0.54
166,A,CM,0.543
167,A,CM,0.54
168,A,CM,0.53
169,A,CM,0.537
170,A,CM,0.584
171,A,CM,0.564
172,A,CM,0.572
173,A,CM,0.554
174,A,CM,0.536
175,A,CM,0.518
176,A,CM,0.564
177,A,CM,0.513
178,A,CM,0.546
179,A,CM,0.537
180,A,CM,0.54
181,A,CM,0.544
182,A,CM,0.543
183,A,CM,0.547
184,A,CM,0.522
185,A,CM,0.534
186,A,CM,0.542
187,A,CM,0.537
188,A,CM,0.552
189,A,CM,0.554
190,A,CM,0.554
191,A,CM,0.543
192,A,CM,0.557
193,A,CM,0.558
194,A,CM,0.536
195,A,CM,0.544
196,A,CM,0.52
197,A,CM,0.518
198,A,CM,0.513
199,A,CM,0.494
200,A,CM,0.494
201,A,CM,0.506
202,A,CM,0.517
203,A,CM,0.525
204,A,CM,0.54
205,A,CM,0.531
206,A,CM,0.543
207,A,CM,0.558
208,A,CM,0.573
209,A,CM,0.578
210,A,CM,0.564
211,A,CM,0.539
212,A,CM,0.541
213,A,CM,0.517
214,A,CM,0.537
215,A,CM,0.533
216,A,CM,0.515
217,A,CM,0.509
218,A,CM,0.511
219,A,CM,0.512
220,A,CM,0.521
221,A,CM,0.526
222,A,CM,0.567
223,A,CM,0.555
224,A,CM,0.572
225,A,CM,0.538
226,A,CM,0.52
227,A,CM,0.504
228,A,CM,0.495
229,A,CM,0.519
230,A,CM,0.53
231,A,CM,0.535
232,A,CM,0.539
233,A,CM,0.545
234,A,CM,0.546
235,A,CM,0.558
236,A,CM,0.579
237,A,CM,0.539
238,A,CM,0.496
239,A,CM,0.523
240,A,CM,0.519
241,A,CM,0.524
242,A,CM,0.537
243,A,CM,0.548
244,A,CM,0.549
245,A,CM,0.531
246,A,CM,0.504
247,A,CM,0.51
248,A,CM,0.52
249,A,CM,0.515
250,A,CM,0.531
251,A,CM,0.562
252,A,CM,0.529
253,A,CM,0.529
254,A,CM,0.554
255,A,CM,0.572
256,A,CM,0.597
257,A,CM,0.556
258,A,CM,0.573
259,A,CM,0.552
260,A,CM,0.543
261,A,CM,0.558
262,A,CM,0.582
263,A,CM,0.573
264,A,CM,0.564
265,A,CM,0.541
266,A,CM,0.573
267,A,CM,0.525
268,A,CM,0.521
269,A,CM,0.537
270,A,CM,0.521
271,A,CM,0.525
272,A,CM,0.518
273,A,CM,0.541
274,A,CM,0.545
275,A,CM,0.542
276,A,CM,0.514
277,A,CM,0.534
278,A,CM,0.544
279,A,CM,0.556
280,A,CM,0.531
281,A,CM,0.514
282,A,CM,0.546
283,A,CM,0.533
284,A,CM,0.568
285,A,CM,0.531
286,A,CM,0.561
287,A,CM,0.532
288,A,CM,0.532
289,A,CM,0.52
290,A,CM,0.512
291,A,CM,0.509
292,A,CM,0.546
293,A,CM,0.552
294,A,CM,0.541
295,A,CM,0.55
296,A,CM,0.499
297,A,CM,0.544
298,A,CM,0.551
299,A,CM,0.561
300,A,CM,0.552
301,A,CM,0.553
302,A,CM,0.529
303,A,CM,0.535
304,A,CM,0.538
305,A,CM,0.54
306,A,CM,0.561
307,A,CM,0.602
308,A,CM,0.582
309,A,CM,0.525
310,A,CM,0.494
311,A,CM,0.495
312,A,CM,0.537
313,A,CM,0.515
314,A,CM,0.53
315,A,CM,0.54
316,A,CM,0.531
317,A,CM,0.531
318,A,CM,0.517
319,A,CM,0.545
320,A,CM,0.505
321,A,CM,0.511
322,A,CM,0.521
323,A,CM,0.586
324,A,CM,0.573
325,A,CM,0.586
326,A,CM,0.572
327,A,CM,0.57
328,A,CM,0.571
329,A,CM,0.553
330,A,CM,0.565
331,A,CM,0.516
332,A,CM,0.516
333,A,CM,0.524
334,A,CM,0.529
335,A,CM,0.546
336,A,CM,0.558
337,A,CM,0.561
338,A,CM,0.576
339,A,CM,0.577
340,A,CM,0.558
341,A,CM,0.553
342,A,CM,0.577
343,A,CM,0.562
344,A,CM,0.531
345,A,CM,0.523
346,A,CM,0.527
347,A,CM,0.55
348,A,CM,0.507
349,A,CM,0.508
350,A,CM,0.479
351,A,CM,0.506
352,A,CM,0.539
353,A,CM,0.545
354,A,CM,0.555
355,A,CM,0.535
356,A,CM,0.532
357,A,CM,0.525
358,A,CM,0.532
359,A,CM,0.514
360,A,CM,0.507
361,A,CM,0.522
362,A,CM,0.514
363,A,CM,0.504
364,A,CM,0.532
365,A,CM,0.544
366,A,CM,0.532
367,A,CM,0.551
368,A,CM,0.514
369,A,CM,0.521
370,A,CM,0.507
371,A,CM,0.482
372,A,CM,0.525
373,A,CM,0.532
374,A,CM,0.55
375,A,CM,0.527
376,A,CM,0.56
377,A,CM,0.551
378,A,CM,0.503
379,A,CM,0.493
380,A,CM,0.49
381,A,CM,0.506
382,A,CM,0.526
383,A,CM,0.521
384,A,CM,0.537
385,A,CM,0.562
386,A,CM,0.544
387,A,CM,0.547
388,A,CM,0.579
389,A,CM,0.54
390,A,CM,0.549
391,A,CM,0.531
392,A,CM,0.56
393,A,CM,0.582
394,A,CM,0.564
395,A,CM,0.567
396,A,CM,0.55
397,A,CM,0.535
398,A,CM,0.531
399,A,CM,0.531
400,A,CM,0.509
401,A,CM,0.493
402,A,CM,0.503
403,A,CM,0.481
404,A,CM,0.509
405,A,CM,0.516
406,A,CM,0.555
407,A,CM,0.556
408,A,CM,0.574
409,A,CM,0.563
410,A,CM,0.552
411,A,CM,0.564
412,A,CM,0.547
413,A,CM,0.553
414,A,CM,0.569
415,A,CM,0.576
416,A,CM,0.584
417,A,CM,0.531
418,A,CM,0.539
419,A,CM,0.537
420,A,CM,0.517
421,A,CM,0.523
422,A,CM,0.526
423,A,CM,0.532
424,A,CM,0.526
425,A,CM,0.526
426,A,CM,0.556
427,A,CM,0.519
428,A,CM,0.514
429,A,CM,0.53
430,A,CM,0.525
431,A,CM,0.527
432,A,CM,0.495
433,A,CM,0.524
434,A,CM,0.52
435,A,CM,0.517
436,A,CM,0.537
437,A,CM,0.539
438,A,CM,0.557
439,A,CM,0.556
440,A,CM,0.544
441,A,CM,0.544
442,A,CM,0.541
443,A,CM,0.557
444,A,CM,0.529
445,A,CM,0.521
446,A,CM,0.557
447,A,CM,0.537
448,A,CM,0.54
449,A,CM,0.559
450,A,CM,0.563
451,A,CM,0.513
452,A,CM,0.532
453,A,CM,0.533
454,A,CM,0.529
455,A,CM,0.554
456,A,CM,0.541
457,A,CM,0.552
458,A,CM,0.537
459,A,CM,0.534
460,A,CM,0.569
461,A,CM,0.572
462,A,CM,0.545
463,A,CM,0.524
464,A,CM,0.532
465,A,CM,0.518
466,A,CM,0.507
467,A,CM,0.488
468,A,CM,0.509
469,A,CM,0.546
470,A,CM,0.541
471,A,CM,0.552
472,A,CM,0.537
473,A,CM,0.525
474,A,CM,0.524
475,A,CM,0.558
476,A,CM,0.53
477,A,CM,0.549
478,A,CM,0.539
479,A,CM,0.545
480,A,CM,0.578
481,A,CM,0.562
482,A,CM,0.534
483,A,CM,0.511
484,A,CM,0.499
485,A,CM,0.498
486,A,CM,0.497
487,A,CM,0.569
488,A,CM,0.519
489,A,CM,0.552
490,A,CM,0.554
491,A,CM,0.511
492,A,CM,0.536
493,A,CM,0.54
494,A,CM,0.567
495,A,CM,0.583
496,A,CM,0.565
497,A,CM,0.522
498,A,CM,0.497
499,A,CM,0.496
500,A,CM,0.542
1,A,RM,0.677
2,A,RM,0.675
3,A,RM,0.692
4,A,RM,0.709
5,A,RM,0.713
6,A,RM,0.727
7,A,RM,0.72
8,A,RM,0.711
9,A,RM,0.705
10,A,RM,0.673
11,A,RM,0.674
12,A,RM,0.696
13,A,RM,0.695
14,A,RM,0.694
15,A,RM,0.714
16,A,RM,0.717
17,A,RM,0.714
18,A,RM,0.666
19,A,RM,0.688
20,A,RM,0.715
21,A,RM,0.687
22,A,RM,0.688
23,A,RM,0.676
24,A,RM,0.706
25,A,RM,0.693
26,A,RM,0.679
27,A,RM,0.689
28,A,RM,0.657
29,A,RM,0.68
30,A,RM,0.675
31,A,RM,0.676
32,A,RM,0.659
33,A,RM,0.673
34,A,RM,0.69
35,A,RM,0.714
36,A,RM,0.734
37,A,RM,0.708
38,A,RM,0.719
39,A,RM,0.692
40,A,RM,0.696
41,A,RM,0.684
42,A,RM,0.697
43,A,RM,0.687
44,A,RM,0.692
45,A,RM,0.69
46,A,RM,0.688
47,A,RM,0.714
48,A,RM,0.71
49,A,RM,0.715
50,A,RM,0.715
51,A,RM,0.722
52,A,RM,0.709
53,A,RM,0.732
54,A,RM,0.738
55,A,RM,0.729
56,A,RM,0.724
57,A,RM,0.687
58,A,RM,0.666
59,A,RM,0.678
60,A,RM,0.686
61,A,RM,0.697
62,A,RM,0.679
63,A,RM,0.655
64,A,RM,0.64
65,A,RM,0.682
66,A,RM,0.646
67,A,RM,0.65
68,A,RM,0.663
69,A,RM,0.669
70,A,RM,0.649
71,A,RM,0.681
72,A,RM,0.645
73,A,RM,0.661
74,A,RM,0.659
75,A,RM,0.676
76,A,RM,0.671
77,A,RM,0.668
78,A,RM,0.684
79,A,RM,0.676
80,A,RM,0.662
81,A,RM,0.667
82,A,RM,0.662
83,A,RM,0.66
84,A,RM,0.675
85,A,RM,0.682
86,A,RM,0.682
87,A,RM,0.663
88,A,RM,0.636
89,A,RM,0.657
90,A,RM,0.654
91,A,RM,0.684
92,A,RM,0.705
93,A,RM,0.686
94,A,RM,0.712
95,A,RM,0.699
96,A,RM,0.714
97,A,RM,0.716
98,A,RM,0.708
99,A,RM,0.716
100,A,RM,0.736
101,A,RM,0.711
102,A,RM,0.739
103,A,RM,0.711
104,A,RM,0.727
105,A,RM,0.702
106,A,RM,0.692
107,A,RM,0.699
108,A,RM,0.682
109,A,RM,0.68
110,A,RM,0.666
111,A,RM,0.645
112,A,RM,0.681
113,A,RM,0.689
114,A,RM,0.708
115,A,RM,0.693
116,A,RM,0.707
117,A,RM,0.71
118,A,RM,0.714
119,A,RM,0.709
120,A,RM,0.693
121,A,RM,0.684
122,A,RM,0.68
123,A,RM,0.715
124,A,RM,0.686
125,A,RM,0.677
126,A,RM,0.676
127,A,RM,0.7
128,A,RM,0.687
129,A,RM,0.677
130,A,RM,0.693
131,A,RM,0.679
132,A,RM,0.679
133,A,RM,0.698
134,A,RM,0.677
135,A,RM,0.671
136,A,RM,0.682
137,A,RM,0.722
138,A,RM,0.704
139,A,RM,0.713
140,A,RM,0.705
141,A,RM,0.73
142,A,RM,0.737
143,A,RM,0.68
144,A,RM,0.684
145,A,RM,0.684
146,A,RM,0.677
147,A,RM,0.683
148,A,RM,0.647
149,A,RM,0.645
150,A,RM,0.623
151,A,RM,0.631
152,A,RM,0.652
153,A,RM,0.682
154,A,RM,0.681
155,A,RM,0.677
156,A,RM,0.685
157,A,RM,0.675
158,A,RM,0.699
159,A,RM,0.677
160,A,RM,0.668
161,A,RM,0.697
162,A,RM,0.689
163,A,RM,0.655
164,A,RM,0.673
165,A,RM,0.684
166,A,RM,0.679
167,A,RM,0.646
168,A,RM,0.676
169,A,RM,0.687
170,A,RM,0.665
171,A,RM,0.688
172,A,RM,0.687
173,A,RM,0.677
174,A,RM,0.649
175,A,RM,0.649
176,A,RM,0.655
177,A,RM,0.641
178,A,RM,0.661
179,A,RM,0.674
180,A,RM,0.663
181,A,RM,0.684
182,A,RM,0.662
183,A,RM,0.704
184,A,RM,0.719
185,A,RM,0.709
186,A,RM,0.722
187,A,RM,0.713
188,A,RM,0.723
189,A,RM,0.701
190,A,RM,0.677
191,A,RM,0.69
192,A,RM,0.663
193,A,RM,0.666
194,A,RM,0.659
195,A,RM,0.674
196,A,RM,0.715
197,A,RM,0.73
198,A,RM,0.72
199,A,RM,0.681
200,A,RM,0.685
201,A,RM,0.691
202,A,RM,0.723
203,A,RM,0.709
204,A,RM,0.691
205,A,RM,0.704
206,A,RM,0.678
207,A,RM,0.685
208,A,RM,0.656
209,A,RM,0.68
210,A,RM,0.73
211,A,RM,0.721
212,A,RM,0.723
213,A,RM,0.728
214,A,RM,0.702
215,A,RM,0.693
216,A,RM,0.696
217,A,RM,0.697
218,A,RM,0.687
219,A,RM,0.686
220,A,RM,0.647
221,A,RM,0.664
222,A,RM,0.705
223,A,RM,0.688
224,A,RM,0.692
225,A,RM,0.678
226,A,RM,0.689
227,A,RM,0.696
228,A,RM,0.687
229,A,RM,0.687
230,A,RM,0.707
231,A,RM,0.697
232,A,RM,0.673
233,A,RM,0.688
234,A,RM,0.712
235,A,RM,0.727
236,A,RM,0.722
237,A,RM,0.724
238,A,RM,0.69
239,A,RM,0.696
240,A,RM,0.689
241,A,RM,0.709
242,A,RM,0.69
243,A,RM,0.754
244,A,RM,0.717
245,A,RM,0.698
246,A,RM,0.652
247,A,RM,0.642
248,A,RM,0.635
249,A,RM,0.683
250,A,RM,0.688
251,A,RM,0.686
252,A,RM,0.67
253,A,RM,0.676
254,A,RM,0.683
255,A,RM,0.654
256,A,RM,0.665
257,A,RM,0.676
258,A,RM,0.699
259,A,RM,0.72
260,A,RM,0.705
261,A,RM,0.686
262,A,RM,0.664
263,A,RM,0.683
264,A,RM,0.718
265,A,RM,0.726
266,A,RM,0.67
267,A,RM,0.68
268,A,RM,0.689
269,A,RM,0.704
270,A,RM,0.724
271,A,RM,0.716
272,A,RM,0.695
273,A,RM,0.725
274,A,RM,0.733
275,A,RM,0.739
276,A,RM,0.711
277,A,RM,0.704
278,A,RM,0.709
279,A,RM,0.69
280,A,RM,0.689
281,A,RM,0.706
282,A,RM,0.674
283,A,RM,0.671
284,A,RM,0.681
285,A,RM,0.676
286,A,RM,0.631
287,A,RM,0.652
288,A,RM,0.678
289,A,RM,0.657
290,A,RM,0.645
291,A,RM,0.672
292,A,RM,0.7
293,A,RM,0.717
294,A,RM,0.732
295,A,RM,0.737
296,A,RM,0.728
297,A,RM,0.698
298,A,RM,0.719
299,A,RM,0.728
300,A,RM,0.709
301,A,RM,0.701
302,A,RM,0.682
303,A,RM,0.684
304,A,RM,0.676
305,A,RM,0.693
306,A,RM,0.682
307,A,RM,0.694
308,A,RM,0.683
309,A,RM,0.665
310,A,RM,0.653
311,A,RM,0.657
312,A,RM,0.681
313,A,RM,0.691
314,A,RM,0.699
315,A,RM,0.69
316,A,RM,0.732
317,A,RM,0.692
318,A,RM,0.693
319,A,RM,0.704
320,A,RM,0.68
321,A,RM,0.718
322,A,RM,0.721
323,A,RM,0.73
324,A,RM,0.731
325,A,RM,0.714
326,A,RM,0.694
327,A,RM,0.729
328,A,RM,0.724
329,A,RM,0.715
330,A,RM,0.707
331,A,RM,0.709
332,A,RM,0.736
333,A,RM,0.742
334,A,RM,0.717
335,A,RM,0.696
336,A,RM,0.721
337,A,RM,0.714
338,A,RM,0.729
339,A,RM,0.688
340,A,RM,0.71
341,A,RM,0.685
342,A,RM,0.697
343,A,RM,0.676
344,A,RM,0.693
345,A,RM,0.651
346,A,RM,0.672
347,A,RM,0.671
348,A,RM,0.676
349,A,RM,0.706
350,A,RM,0.678
351,A,RM,0.704
352,A,RM,0.662
353,A,RM,0.686
354,A,RM,0.676
355,A,RM,0.697
356,A,RM,0.706
357,A,RM,0.698
358,A,RM,0.688
359,A,RM,0.686
360,A,RM,0.713
361,A,RM,0.697
362,A,RM,0.707
363,A,RM,0.7
364,A,RM,0.674
365,A,RM,0.677
366,A,RM,0.709
367,A,RM,0.697
368,A,RM,0.698
369,A,RM,0.705
370,A,RM,0.724
371,A,RM,0.744
372,A,RM,0.74
373,A,RM,0.709
374,A,RM,0.708
375,A,RM,0.711
376,A,RM,0.683
377,A,RM,0.652
378,A,RM,0.667
379,A,RM,0.666
380,A,RM,0.671
381,A,RM,0.678
382,A,RM,0.685
383,A,RM,0.675
384,A,RM,0.643
385,A,RM,0.689
386,A,RM,0.711
387,A,RM,0.666
388,A,RM,0.693
389,A,RM,0.699
390,A,RM,0.717
391,A,RM,0.705
392,A,RM,0.698
393,A,RM,0.716
394,A,RM,0.711
395,A,RM,0.701
396,A,RM,0.701
397,A,RM,0.695
398,A,RM,0.717
399,A,RM,0.664
400,A,RM,0.658
401,A,RM,0.668
402,A,RM,0.706
403,A,RM,0.732
404,A,RM,0.707
405,A,RM,0.712
406,A,RM,0.691
407,A,RM,0.7
408,A,RM,0.689
409,A,RM,0.68
410,A,RM,0.706
411,A,RM,0.705
412,A,RM,0.693
413,A,RM,0.687
414,A,RM,0.74
415,A,RM,0.734
416,A,RM,0.671
417,A,RM,0.682
418,A,RM,0.695
419,A,RM,0.683
420,A,RM,0.699
421,A,RM,0.693
422,A,RM,0.692
423,A,RM,0.674
424,A,RM,0.68
425,A,RM,0.666
426,A,RM,0.657
427,A,RM,0.688
428,A,RM,0.704
429,A,RM,0.68
430,A,RM,0.686
431,A,RM,0.707
432,A,RM,0.676
433,A,RM,0.709
434,A,RM,0.735
435,A,RM,0.745
436,A,RM,0.719
437,A,RM,0.689
438,A,RM,0.708
439,A,RM,0.707
440,A,RM,0.699
441,A,RM,0.681
442,A,RM,0.666
443,A,RM,0.654
444,A,RM,0.669
445,A,RM,0.676
446,A,RM,0.698
447,A,RM,0.685
448,A,RM,0.727
449,A,RM,0.713
450,A,RM,0.674
451,A,RM,0.687
452,A,RM,0.686
453,A,RM,0.699
454,A,RM,0.688
455,A,RM,0.709
456,A,RM,0.718
457,A,RM,0.715
458,A,RM,0.697
459,A,RM,0.714
460,A,RM,0.72
461,A,RM,0.71
462,A,RM,0.723
463,A,RM,0.682
464,A,RM,0.705
465,A,RM,0.675
466,A,RM,0.722
467,A,RM,0.724
468,A,RM,0.686
469,A,RM,0.686
470,A,RM,0.722
471,A,RM,0.715
472,A,RM,0.661
473,A,RM,0.657
474,A,RM,0.679
475,A,RM,0.679
476,A,RM,0.686
477,A,RM,0.696
478,A,RM,0.681
479,A,RM,0.664
480,A,RM,0.655
481,A,RM,0.64
482,A,RM,0.677
483,A,RM,0.73
484,A,RM,0.732
485,A,RM,0.701
486,A,RM,0.718
487,A,RM,0.685
488,A,RM,0.717
489,A,RM,0.711
490,A,RM,0.722
491,A,RM,0.697
492,A,RM,0.688
493,A,RM,0.696
494,A,RM,0.7
495,A,RM,0.688
496,A,RM,0.734
497,A,RM,0.712
498,A,RM,0.68
499,A,RM,0.681
500,A,RM,0.658
1,A,CA,0.572
2,A,CA,0.549
3,A,CA,0.535
4,A,CA,0.53
5,A,CA,0.56
6,A,CA,0.572
7,A,CA,0.579
8,A,CA,0.564
9,A,CA,0.548
10,A,CA,0.551
11,A,CA,0.575
12,A,CA,0.578
13,A,CA,0.548
14,A,CA,0.578
15,A,CA,0.591
16,A,CA,0.622
17,A,CA,0.612
18,A,CA,0.587
19,A,CA,0.572
20,A,CA,0.584
21,A,CA,0.605
22,A,CA,0.59
23,A,CA,0.613
24,A,CA,0.629
25,A,CA,0.654
26,A,CA,0.635
27,A,CA,0.592
28,A,CA,0.633
29,A,CA,0.599
30,A,CA,0.574
31,A,CA,0.585
32,A,CA,0.561
33,A,CA,0.569
34,A,CA,0.621
35,A,CA,0.581
36,A,CA,0.579
37,A,CA,0.561
38,A,CA,0.542
39,A,CA,0.546
40,A,CA,0.536
41,A,CA,0.515
42,A,CA,0.561
43,A,CA,0.593
44,A,CA,0.602
45,A,CA,0.562
46,A,CA,0.565
47,A,CA,0.54
48,A,CA,0.557
49,A,CA,0.556
50,A,CA,0.528
51,A,CA,0.525
52,A,CA,0.517
53,A,CA,0.54
54,A,CA,0.56
55,A,CA,0.595
56,A,CA,0.561
57,A,CA,0.592
58,A,CA,0.594
59,A,CA,0.591
60,A,CA,0.57
61,A,CA,0.541
62,A,CA,0.544
63,A,CA,0.527
64,A,CA,0.529
65,A,CA,0.553
66,A,CA,0.583
67,A,CA,0.543
68,A,CA,0.557
69,A,CA,0.61
70,A,CA,0.597
71,A,CA,0.593
72,A,CA,0.589
73,A,CA,0.592
74,A,CA,0.583
75,A,CA,0.595
76,A,CA,0.593
77,A,CA,0.591
78,A,CA,0.599
79,A,CA,0.596
80,A,CA,0.594
81,A,CA,0.56
82,A,CA,0.553
83,A,CA,0.542
84,A,CA,0.575
85,A,CA,0.545
86,A,CA,0.536
87,A,CA,0.559
88,A,CA,0.59
89,A,CA,0.586
90,A,CA,0.557
91,A,CA,0.552
92,A,CA,0.559
93,A,CA,0.575
94,A,CA,0.563
95,A,CA,0.554
96,A,CA,0.571
97,A,CA,0.501
98,A,CA,0.558
99,A,CA,0.581
100,A,CA,0.614
101,A,CA,0.575
102,A,CA,0.577
103,A,CA,0.582
104,A,CA,0.57
105,A,CA,0.554
106,A,CA,0.564
107,A,CA,0.584
108,A,CA,0.609
109,A,CA,0.608
110,A,CA,0.587
111,A,CA,0.597
112,A,CA,0.566
113,A,CA,0.592
114,A,CA,0.568
115,A,CA,0.539
116,A,CA,0.542
117,A,CA,0.573
118,A,CA,0.574
119,A,CA,0.605
120,A,CA,0.57
121,A,CA,0.573
122,A,CA,0.586
123,A,CA,0.563
124,A,CA,0.573
125,A,CA,0.569
126,A,CA,0.549
127,A,CA,0.57
128,A,CA,0.546
129,A,CA,0.565
130,A,CA,0.588
131,A,CA,0.604
132,A,CA,0.565
133,A,CA,0.59
134,A,CA,0.592
135,A,CA,0.593
136,A,CA,0.588
137,A,CA,0.581
138,A,CA,0.571
139,A,CA,0.572
140,A,CA,0.572
141,A,CA,0.565
142,A,CA,0.609
143,A,CA,0.582
144,A,CA,0.594
145,A,CA,0.6
146,A,CA,0.599
147,A,CA,0.597
148,A,CA,0.596
149,A,CA,0.605
150,A,CA,0.576
151,A,CA,0.537
152,A,CA,0.552
153,A,CA,0.569
154,A,CA,0.589
155,A,CA,0.578
156,A,CA,0.594
157,A,CA,0.6
158,A,CA,0.601
159,A,CA,0.6
160,A,CA,0.583
161,A,CA,0.595
162,A,CA,0.591
163,A,CA,0.567
164,A,CA,0.563
165,A,CA,0.562
166,A,CA,0.554
167,A,CA,0.538
168,A,CA,0.561
169,A,CA,0.57
170,A,CA,0.562
171,A,CA,0.574
172,A,CA,0.581
173,A,CA,0.616
174,A,CA,0.608
175,A,CA,0.585
176,A,CA,0.573
177,A,CA,0.58
178,A,CA,0.58
179,A,CA,0.6
180,A,CA,0.6
181,A,CA,0.579
182,A,CA,0.596
183,A,CA,0.575
184,A,CA,0.597
185,A,CA,0.618
186,A,CA,0.613
187,A,CA,0.587
188,A,CA,0.575
189,A,CA,0.574
190,A,CA,0.604
191,A,CA,0.578
192,A,CA,0.578
193,A,CA,0.593
194,A,CA,0.596
195,A,CA,0.616
196,A,CA,0.572
197,A,CA,0.612
198,A,CA,0.59
199,A,CA,0.581
200,A,CA,0.56
201,A,CA,0.548
202,A,CA,0.585
203,A,CA,0.563
204,A,CA,0.568
205,A,CA,0.564
206,A,CA,0.578
207,A,CA,0.546
208,A,CA,0.547
209,A,CA,0.592
210,A,CA,0.57
211,A,CA,0.574
212,A,CA,0.59
213,A,CA,0.587
214,A,CA,0.597
215,A,CA,0.567
216,A,CA,0.566
217,A,CA,0.574
218,A,CA,0.561
219,A,CA,0.566
220,A,CA,0.607
221,A,CA,0.578
222,A,CA,0.567
223,A,CA,0.548
224,A,CA,0.565
225,A,CA,0.607
226,A,CA,0.581
227,A,CA,0.561
228,A,CA,0.571
229,A,CA,0.576
230,A,CA,0.57
231,A,CA,0.573
232,A,CA,0.559
233,A,CA,0.585
234,A,CA,0.593
235,A,CA,0.595
236,A,CA,0.604
237,A,CA,0.582
238,A,CA,0.607
239,A,CA,0.602
240,A,CA,0.608
241,A,CA,0.581
242,A,CA,0.586
243,A,CA,0.562
244,A,CA,0.586
245,A,CA,0.601
246,A,CA,0.58
247,A,CA,0.589
248,A,CA,0.544
249,A,CA,0.58
250,A,CA,0.555
251,A,CA,0.565
252,A,CA,0.596
253,A,CA,0.596
254,A,CA,0.597
255,A,CA,0.582
256,A,CA,0.587
257,A,CA,0.553
258,A,CA,0.591
259,A,CA,0.59
260,A,CA,0.595
261,A,CA,0.598
262,A,CA,0.589
263,A,CA,0.589
264,A,CA,0.605
265,A,CA,0.598
266,A,CA,0.553
267,A,CA,0.559
268,A,CA,0.555
269,A,CA,0.56
270,A,CA,0.566
271,A,CA,0.575
272,A,CA,0.596
273,A,CA,0.556
274,A,CA,0.579
275,A,CA,0.585
276,A,CA,0.592
277,A,CA,0.582
278,A,CA,0.583
279,A,CA,0.545
280,A,CA,0.554
281,A,CA,0.511
282,A,CA,0.551
283,A,CA,0.556
284,A,CA,0.555
285,A,CA,0.572
286,A,CA,0.557
287,A,CA,0.568
288,A,CA,0.583
289,A,CA,0.57
290,A,CA,0.583
291,A,CA,0.583
292,A,CA,0.587
293,A,CA,0.577
294,A,CA,0.592
295,A,CA,0.56
296,A,CA,0.575
297,A,CA,0.565
298,A,CA,0.561
299,A,CA,0.56
300,A,CA,0.573
301,A,CA,0.566
302,A,CA,0.586
303,A,CA,0.573
304,A,CA,0.573
305,A,CA,0.575
306,A,CA,0.597
307,A,CA,0.602
308,A,CA,0.594
309,A,CA,0.582
310,A,CA,0.579
311,A,CA,0.591
312,A,CA,0.588
313,A,CA,0.603
314,A,CA,0.558
315,A,CA,0.58
316,A,CA,0.587
317,A,CA,0.59
318,A,CA,0.576
319,A,CA,0.586
320,A,CA,0.594
321,A,CA,0.618
322,A,CA,0.59
323,A,CA,0.589
324,A,CA,0.569
325,A,CA,0.565
326,A,CA,0.579
327,A,CA,0.591
328,A,CA,0.583
329,A,CA,0.578
330,A,CA,0.576
331,A,CA,0.567
332,A,CA,0.592
333,A,CA,0.595
334,A,CA,0.59
335,A,CA,0.597
336,A,CA,0.583
337,A,CA,0.562
338,A,CA,0.558
339,A,CA,0.55
340,A,CA,0.571
341,A,CA,0.553
342,A,CA,0.58
343,A,CA,0.597
344,A,CA,0.587
345,A,CA,0.574
346,A,CA,0.557
347,A,CA,0.556
348,A,CA,0.602
349,A,CA,0.601
350,A,CA,0.599
351,A,CA,0.603
352,A,CA,0.61
353,A,CA,0.631
354,A,CA,0.606
355,A,CA,0.607
356,A,CA,0.587
357,A,CA,0.595
358,A,CA,0.591
359,A,CA,0.58
360,A,CA,0.57
361,A,CA,0.575
362,A,CA,0.589
363,A,CA,0.612
364,A,CA,0.619
365,A,CA,0.599
366,A,CA,0.617
367,A,CA,0.611
368,A,CA,0.584
369,A,CA,0.588
370,A,CA,0.56
371,A,CA,0.551
372,A,CA,0.538
373,A,CA,0.535
374,A,CA,0.557
375,A,CA,0.551
376,A,CA,0.582
377,A,CA,0.586
378,A,CA,0.573
379,A,CA,0.57
380,A,CA,0.561
381,A,CA,0.599
382,A,CA,0.57
383,A,CA,0.593
384,A,CA,0.603
385,A,CA,0.574
386,A,CA,0.57
387,A,CA,0.588
388,A,CA,0.585
389,A,CA,0.573
390,A,CA,0.575
391,A,CA,0.569
392,A,CA,0.562
393,A,CA,0.559
394,A,CA,0.578
395,A,CA,0.57
396,A,CA,0.574
397,A,CA,0.588
398,A,CA,0.591
399,A,CA,0.593
400,A,CA,0.603
401,A,CA,0.587
402,A,CA,0.593
403,A,CA,0.576
404,A,CA,0.595
405,A,CA,0.594
406,A,CA,0.606
407,A,CA,0.606
408,A,CA,0.601
409,A,CA,0.584
410,A,CA,0.554
411,A,CA,0.595
412,A,CA,0.582
413,A,CA,0.587
414,A,CA,0.588
415,A,CA,0.57
416,A,CA,0.592
417,A,CA,0.592
418,A,CA,0.618
419,A,CA,0.613
420,A,CA,0.605
421,A,CA,0.597
422,A,CA,0.578
423,A,CA,0.585
424,A,CA,0.584
425,A,CA,0.567
426,A,CA,0.563
427,A,CA,0.563
428,A,CA,0.597
429,A,CA,0.598
430,A,CA,0.599
431,A,CA,0.592
432,A,CA,0.602
433,A,CA,0.615
434,A,CA,0.603
435,A,CA,0.581
436,A,CA,0.581
437,A,CA,0.576
438,A,CA,0.572
439,A,CA,0.587
440,A,CA,0.602
441,A,CA,0.631
442,A,CA,0.598
443,A,CA,0.595
444,A,CA,0.614
445,A,CA,0.586
446,A,CA,0.56
447,A,CA,0.597
448,A,CA,0.583
449,A,CA,0.568
450,A,CA,0.598
451,A,CA,0.592
452,A,CA,0.587
453,A,CA,0.609
454,A,CA,0.564
455,A,CA,0.586
456,A,CA,0.58
457,A,CA,0.566
458,A,CA,0.577
459,A,CA,0.606
460,A,CA,0.575
461,A,CA,0.563
462,A,CA,0.573
463,A,CA,0.555
464,A,CA,0.573
465,A,CA,0.554
466,A,CA,0.548
467,A,CA,0.557
468,A,CA,0.591
469,A,CA,0.585
470,A,CA,0.574
471,A,CA,0.601
472,A,CA,0.621
473,A,CA,0.594
474,A,CA,0.568
475,A,CA,0.574
476,A,CA,0.592
477,A,CA,0.585
478,A,CA,0.577
479,A,CA,0.563
480,A,CA,0.578
481,A,CA,0.574
482,A,CA,0.583
483,A,CA,0.559
484,A,CA,0.54
485,A,CA,0.541
486,A,CA,0.558
487,A,CA,0.557
488,A,CA,0.57
489,A,CA,0.566
490,A,CA,0.582
491,A,CA,0.568
492,A,CA,0.563
493,A,CA,0.552
494,A,CA,0.575
495,A,CA,0.616
496,A,CA,0.613
497,A,CA,0.632
498,A,CA,0.592
499,A,CA,0.575
500,A,CA,0.576
1,A,RA,0.693
2,A,RA,0.694
3,A,RA,0.76
4,A,RA,0.749
5,A,RA,0.737
6,A,RA,0.753
7,A,RA,0.745
8,A,RA,0.749
9,A,RA,0.758
10,A,RA,0.745
11,A,RA,0.718
12,A,RA,0.717
13,A,RA,0.722
14,A,RA,0.727
15,A,RA,0.717
16,A,RA,0.693
17,A,RA,0.68
18,A,RA,0.705
19,A,RA,0.725
20,A,RA,0.688
21,A,RA,0.686
22,A,RA,0.709
23,A,RA,0.712
24,A,RA,0.684
25,A,RA,0.693
26,A,RA,0.796
27,A,RA,0.749
28,A,RA,0.733
29,A,RA,0.749
30,A,RA,0.762
31,A,RA,0.758
32,A,RA,0.785
33,A,RA,0.789
34,A,RA,0.799
35,A,RA,0.741
36,A,RA,0.74
37,A,RA,0.767
38,A,RA,0.78
39,A,RA,0.719
40,A,RA,0.701
41,A,RA,0.751
42,A,RA,0.746
43,A,RA,0.764
44,A,RA,0.783
45,A,RA,0.729
46,A,RA,0.729
47,A,RA,0.701
48,A,RA,0.712
49,A,RA,0.684
50,A,RA,0.663
51,A,RA,0.684
52,A,RA,0.72
53,A,RA,0.745
54,A,RA,0.734
55,A,RA,0.712
56,A,RA,0.695
57,A,RA,0.705
58,A,RA,0.705
59,A,RA,0.707
60,A,RA,0.677
61,A,RA,0.655
62,A,RA,0.697
63,A,RA,0.721
64,A,RA,0.707
65,A,RA,0.714
66,A,RA,0.701
67,A,RA,0.706
68,A,RA,0.702
69,A,RA,0.719
70,A,RA,0.7
71,A,RA,0.708
72,A,RA,0.736
73,A,RA,0.74
74,A,RA,0.723
75,A,RA,0.704
76,A,RA,0.691
77,A,RA,0.7
78,A,RA,0.674
79,A,RA,0.715
80,A,RA,0.703
81,A,RA,0.738
82,A,RA,0.756
83,A,RA,0.755
84,A,RA,0.737
85,A,RA,0.704
86,A,RA,0.674
87,A,RA,0.68
88,A,RA,0.736
89,A,RA,0.726
90,A,RA,0.73
91,A,RA,0.75
92,A,RA,0.789
93,A,RA,0.772
94,A,RA,0.759
95,A,RA,0.738
96,A,RA,0.773
97,A,RA,0.77
98,A,RA,0.755
99,A,RA,0.734
100,A,RA,0.732
101,A,RA,0.708
102,A,RA,0.705
103,A,RA,0.691
104,A,RA,0.731
105,A,RA,0.756
106,A,RA,0.699
107,A,RA,0.68
108,A,RA,0.672
109,A,RA,0.723
110,A,RA,0.678
111,A,RA,0.694
112,A,RA,0.694
113,A,RA,0.667
114,A,RA,0.67
115,A,RA,0.744
116,A,RA,0.688
117,A,RA,0.674
118,A,RA,0.657
119,A,RA,0.716
120,A,RA,0.802
121,A,RA,0.796
122,A,RA,0.776
123,A,RA,0.742
124,A,RA,0.732
125,A,RA,0.704
126,A,RA,0.704
127,A,RA,0.741
128,A,RA,0.749
129,A,RA,0.711
130,A,RA,0.709
131,A,RA,0.68
132,A,RA,0.683
133,A,RA,0.684
134,A,RA,0.704
135,A,RA,0.663
136,A,RA,0.692
137,A,RA,0.703
138,A,RA,0.725
139,A,RA,0.737
140,A,RA,0.722
141,A,RA,0.721
142,A,RA,0.729
143,A,RA,0.739
144,A,RA,0.719
145,A,RA,0.734
146,A,RA,0.725
147,A,RA,0.758
148,A,RA,0.736
149,A,RA,0.709
150,A,RA,0.703
151,A,RA,0.735
152,A,RA,0.755
153,A,RA,0.772
154,A,RA,0.766
155,A,RA,0.752
156,A,RA,0.761
157,A,RA,0.76
158,A,RA,0.737
159,A,RA,0.709
160,A,RA,0.678
161,A,RA,0.676
162,A,RA,0.629
163,A,RA,0.726
164,A,RA,0.729
165,A,RA,0.757
166,A,RA,0.755
167,A,RA,0.712
168,A,RA,0.729
169,A,RA,0.698
170,A,RA,0.734
171,A,RA,0.713
172,A,RA,0.669
173,A,RA,0.715
174,A,RA,0.698
175,A,RA,0.678
176,A,RA,0.734
177,A,RA,0.747
178,A,RA,0.739
179,A,RA,0.719
180,A,RA,0.712
181,A,RA,0.716
182,A,RA,0.712
183,A,RA,0.728
184,A,RA,0.745
185,A,RA,0.716
186,A,RA,0.728
187,A,RA,0.772
188,A,RA,0.797
189,A,RA,0.792
190,A,RA,0.757
191,A,RA,0.771
192,A,RA,0.756
193,A,RA,0.75
194,A,RA,0.724
195,A,RA,0.712
196,A,RA,0.7
197,A,RA,0.703
198,A,RA,0.709
199,A,RA,0.709
200,A,RA,0.691
201,A,RA,0.705
202,A,RA,0.681
203,A,RA,0.714
204,A,RA,0.712
205,A,RA,0.753
206,A,RA,0.738
207,A,RA,0.727
208,A,RA,0.715
209,A,RA,0.679
210,A,RA,0.69
211,A,RA,0.685
212,A,RA,0.679
213,A,RA,0.693
214,A,RA,0.682
215,A,RA,0.728
216,A,RA,0.688
217,A,RA,0.659
218,A,RA,0.713
219,A,RA,0.687
220,A,RA,0.721
221,A,RA,0.736
222,A,RA,0.733
223,A,RA,0.735
224,A,RA,0.763
225,A,RA,0.717
226,A,RA,0.716
227,A,RA,0.747
228,A,RA,0.714
229,A,RA,0.716
230,A,RA,0.721
231,A,RA,0.692
232,A,RA,0.735
233,A,RA,0.717
234,A,RA,0.702
235,A,RA,0.706
236,A,RA,0.749
237,A,RA,0.774
238,A,RA,0.745
239,A,RA,0.74
240,A,RA,0.724
241,A,RA,0.734
242,A,RA,0.702
243,A,RA,0.671
244,A,RA,0.677
245,A,RA,0.664
246,A,RA,0.67
247,A,RA,0.663
248,A,RA,0.665
249,A,RA,0.686
250,A,RA,0.716
251,A,RA,0.739
252,A,RA,0.736
253,A,RA,0.728
254,A,RA,0.759
255,A,RA,0.742
256,A,RA,0.704
257,A,RA,0.697
258,A,RA,0.697
259,A,RA,0.747
260,A,RA,0.707
261,A,RA,0.711
262,A,RA,0.721
263,A,RA,0.728
264,A,RA,0.769
265,A,RA,0.725
266,A,RA,0.696
267,A,RA,0.701
268,A,RA,0.695
269,A,RA,0.691
270,A,RA,0.695
271,A,RA,0.719
272,A,RA,0.736
273,A,RA,0.765
274,A,RA,0.766
275,A,RA,0.748
276,A,RA,0.708
277,A,RA,0.726
278,A,RA,0.746
279,A,RA,0.712
280,A,RA,0.726
281,A,RA,0.696
282,A,RA,0.703
283,A,RA,0.675
284,A,RA,0.71
285,A,RA,0.734
286,A,RA,0.786
287,A,RA,0.741
288,A,RA,0.732
289,A,RA,0.748
290,A,RA,0.78
291,A,RA,0.774
292,A,RA,0.74
293,A,RA,0.805
294,A,RA,0.779
295,A,RA,0.747
296,A,RA,0.758
297,A,RA,0.766
298,A,RA,0.701
299,A,RA,0.73
300,A,RA,0.714
301,A,RA,0.73
302,A,RA,0.732
303,A,RA,0.73
304,A,RA,0.705
305,A,RA,0.759
306,A,RA,0.752
307,A,RA,0.748
308,A,RA,0.71
309,A,RA,0.673
310,A,RA,0.695
311,A,RA,0.724
312,A,RA,0.71
313,A,RA,0.7
314,A,RA,0.706
315,A,RA,0.709
316,A,RA,0.709
317,A,RA,0.683
318,A,RA,0.701
319,A,RA,0.737
320,A,RA,0.721
321,A,RA,0.697
322,A,RA,0.688
323,A,RA,0.691
324,A,RA,0.639
325,A,RA,0.681
326,A,RA,0.703
327,A,RA,0.739
328,A,RA,0.717
329,A,RA,0.707
330,A,RA,0.675
331,A,RA,0.673
332,A,RA,0.697
333,A,RA,0.702
334,A,RA,0.699
335,A,RA,0.694
336,A,RA,0.725
337,A,RA,0.743
338,A,RA,0.762
339,A,RA,0.73
340,A,RA,0.689
341,A,RA,0.714
342,A,RA,0.732
343,A,RA,0.739
344,A,RA,0.739
345,A,RA,0.692
346,A,RA,0.682
347,A,RA,0.715
348,A,RA,0.718
349,A,RA,0.68
350,A,RA,0.724
351,A,RA,0.742
352,A,RA,0.695
353,A,RA,0.713
354,A,RA,0.725
355,A,RA,0.746
356,A,RA,0.763
357,A,RA,0.743
358,A,RA,0.683
359,A,RA,0.709
360,A,RA,0.704
361,A,RA,0.728
362,A,RA,0.706
363,A,RA,0.684
364,A,RA,0.666
365,A,RA,0.738
366,A,RA,0.742
367,A,RA,0.71
368,A,RA,0.702
369,A,RA,0.682
370,A,RA,0.657
371,A,RA,0.698
372,A,RA,0.697
373,A,RA,0.75
374,A,RA,0.714
375,A,RA,0.651
376,A,RA,0.705
377,A,RA,0.694
378,A,RA,0.752
379,A,RA,0.714
380,A,RA,0.717
381,A,RA,0.702
382,A,RA,0.705
383,A,RA,0.676
384,A,RA,0.691
385,A,RA,0.713
386,A,RA,0.74
387,A,RA,0.672
388,A,RA,0.658
389,A,RA,0.699
390,A,RA,0.639
391,A,RA,0.675
392,A,RA,0.681
393,A,RA,0.705
394,A,RA,0.723
395,A,RA,0.738
396,A,RA,0.741
397,A,RA,0.719
398,A,RA,0.723
399,A,RA,0.73
400,A,RA,0.716
401,A,RA,0.708
402,A,RA,0.734
403,A,RA,0.716
404,A,RA,0.739
405,A,RA,0.72
406,A,RA,0.696
407,A,RA,0.725
408,A,RA,0.733
409,A,RA,0.706
410,A,RA,0.736
411,A,RA,0.744
412,A,RA,0.767
413,A,RA,0.712
414,A,RA,0.672
415,A,RA,0.733
416,A,RA,0.708
417,A,RA,0.739
418,A,RA,0.735
419,A,RA,0.734
420,A,RA,0.73
421,A,RA,0.737
422,A,RA,0.73
423,A,RA,0.72
424,A,RA,0.751
425,A,RA,0.78
426,A,RA,0.736
427,A,RA,0.714
428,A,RA,0.725
429,A,RA,0.689
430,A,RA,0.719
431,A,RA,0.725
432,A,RA,0.737
433,A,RA,0.734
434,A,RA,0.725
435,A,RA,0.741
436,A,RA,0.725
437,A,RA,0.733
438,A,RA,0.752
439,A,RA,0.704
440,A,RA,0.72
441,A,RA,0.745
442,A,RA,0.707
443,A,RA,0.702
444,A,RA,0.749
445,A,RA,0.746
446,A,RA,0.747
447,A,RA,0.755
448,A,RA,0.743
449,A,RA,0.697
450,A,RA,0.678
451,A,RA,0.694
452,A,RA,0.693
453,A,RA,0.715
454,A,RA,0.719
455,A,RA,0.72
456,A,RA,0.724
457,A,RA,0.726
458,A,RA,0.742
459,A,RA,0.755
460,A,RA,0.769
461,A,RA,0.766
462,A,RA,0.729
463,A,RA,0.734
464,A,RA,0.76
465,A,RA,0.738
466,A,RA,0.746
467,A,RA,0.741
468,A,RA,0.717
469,A,RA,0.761
470,A,RA,0.752
471,A,RA,0.735
472,A,RA,0.727
473,A,RA,0.791
474,A,RA,0.743
475,A,RA,0.763
476,A,RA,0.783
477,A,RA,0.723
478,A,RA,0.753
479,A,RA,0.79
480,A,RA,0.762
481,A,RA,0.745
482,A,RA,0.736
483,A,RA,0.745
484,A,RA,0.726
485,A,RA,0.736
486,A,RA,0.734
487,A,RA,0.726
488,A,RA,0.721
489,A,RA,0.74
490,A,RA,0.756
491,A,RA,0.785
492,A,RA,0.775
493,A,RA,0.755
494,A,RA,0.766
495,A,RA,0.724
496,A,RA,0.723
497,A,RA,0.75
498,A,RA,0.75
499,A,RA,0.738
500,A,RA,0.718
1,B,CM,0.755
2,B,CM,0.75
3,B,CM,0.738
4,B,CM,0.751
5,B,CM,0.712
6,B,CM,0.682
7,B,CM,0.671
8,B,CM,0.706
9,B,CM,0.67
10,B,CM,0.697
11,B,CM,0.739
12,B,CM,0.753
13,B,CM,0.766
14,B,CM,0.797
15,B,CM,0.803
16,B,CM,0.814
17,B,CM,0.822
18,B,CM,0.814
19,B,CM,0.808
20,B,CM,0.727
21,B,CM,0.714
22,B,CM,0.714
23,B,CM,0.743
24,B,CM,0.735
25,B,CM,0.752
26,B,CM,0.733
27,B,CM,0.734
28,B,CM,0.717
29,B,CM,0.756
30,B,CM,0.778
31,B,CM,0.742
32,B,CM,0.74
33,B,CM,0.739
34,B,CM,0.763
35,B,CM,0.734
36,B,CM,0.779
37,B,CM,0.738
38,B,CM,0.762
39,B,CM,0.759
40,B,CM,0.784
41,B,CM,0.731
42,B,CM,0.75
43,B,CM,0.737
44,B,CM,0.728
45,B,CM,0.714
46,B,CM,0.747
47,B,CM,0.752
48,B,CM,0.76
49,B,CM,0.751
50,B,CM,0.736
51,B,CM,0.762
52,B,CM,0.749
53,B,CM,0.779
54,B,CM,0.727
55,B,CM,0.687
56,B,CM,0.699
57,B,CM,0.67
58,B,CM,0.653
59,B,CM,0.694
60,B,CM,0.713
61,B,CM,0.76
62,B,CM,0.758
63,B,CM,0.784
64,B,CM,0.768
65,B,CM,0.778
66,B,CM,0.769
67,B,CM,0.793
68,B,CM,0.784
69,B,CM,0.785
70,B,CM,0.761
71,B,CM,0.785
72,B,CM,0.795
73,B,CM,0.792
74,B,CM,0.774
75,B,CM,0.756
76,B,CM,0.799
77,B,CM,0.774
78,B,CM,0.778
79,B,CM,0.763
80,B,CM,0.753
81,B,CM,0.741
82,B,CM,0.806
83,B,CM,0.826
84,B,CM,0.8
85,B,CM,0.757
86,B,CM,0.78
87,B,CM,0.759
88,B,CM,0.745
89,B,CM,0.739
90,B,CM,0.739
91,B,CM,0.732
92,B,CM,0.766
93,B,CM,0.769
94,B,CM,0.725
95,B,CM,0.767
96,B,CM,0.753
97,B,CM,0.746
98,B,CM,0.735
99,B,CM,0.699
100,B,CM,0.72
101,B,CM,0.758
102,B,CM,0.79
103,B,CM,0.799
104,B,CM,0.78
105,B,CM,0.813
106,B,CM,0.747
107,B,CM,0.731
108,B,CM,0.771
109,B,CM,0.756
110,B,CM,0.763
111,B,CM,0.761
112,B,CM,0.726
113,B,CM,0.775
114,B,CM,0.811
115,B,CM,0.787
116,B,CM,0.704
117,B,CM,0.703
118,B,CM,0.734
119,B,CM,0.771
120,B,CM,0.772
121,B,CM,0.769
122,B,CM,0.727
123,B,CM,0.714
124,B,CM,0.75
125,B,CM,0.712
126,B,CM,0.748
127,B,CM,0.752
128,B,CM,0.723
129,B,CM,0.764
130,B,CM,0.785
131,B,CM,0.761
132,B,CM,0.738
133,B,CM,0.716
134,B,CM,0.743
135,B,CM,0.771
136,B,CM,0.763
137,B,CM,0.759
138,B,CM,0.744
139,B,CM,0.736
140,B,CM,0.783
141,B,CM,0.749
142,B,CM,0.751
143,B,CM,0.779
144,B,CM,0.777
145,B,CM,0.796
146,B,CM,0.758
147,B,CM,0.756
148,B,CM,0.744
149,B,CM,0.722
150,B,CM,0.719
151,B,CM,0.758
152,B,CM,0.763
153,B,CM,0.766
154,B,CM,0.775
155,B,CM,0.787
156,B,CM,0.784
157,B,CM,0.75
158,B,CM,0.776
159,B,CM,0.755
160,B,CM,0.774
161,B,CM,0.794
162,B,CM,0.755
163,B,CM,0.772
164,B,CM,0.778
165,B,CM,0.766
166,B,CM,0.767
167,B,CM,0.766
168,B,CM,0.734
169,B,CM,0.746
170,B,CM,0.749
171,B,CM,0.744
172,B,CM,0.765
173,B,CM,0.766
174,B,CM,0.769
175,B,CM,0.778
176,B,CM,0.797
177,B,CM,0.801
178,B,CM,0.794
179,B,CM,0.779
180,B,CM,0.778
181,B,CM,0.773
182,B,CM,0.749
183,B,CM,0.778
184,B,CM,0.765
185,B,CM,0.736
186,B,CM,0.712
187,B,CM,0.778
188,B,CM,0.748
189,B,CM,0.736
190,B,CM,0.71
191,B,CM,0.741
192,B,CM,0.721
193,B,CM,0.724
194,B,CM,0.732
195,B,CM,0.737
196,B,CM,0.743
197,B,CM,0.749
198,B,CM,0.775
199,B,CM,0.756
200,B,CM,0.767
201,B,CM,0.775
202,B,CM,0.785
203,B,CM,0.781
204,B,CM,0.762
205,B,CM,0.778
206,B,CM,0.748
207,B,CM,0.713
208,B,CM,0.705
209,B,CM,0.751
210,B,CM,0.745
211,B,CM,0.748
212,B,CM,0.752
213,B,CM,0.768
214,B,CM,0.742
215,B,CM,0.775
216,B,CM,0.779
217,B,CM,0.795
218,B,CM,0.778
219,B,CM,0.796
220,B,CM,0.789
221,B,CM,0.764
222,B,CM,0.783
223,B,CM,0.802
224,B,CM,0.775
225,B,CM,0.763
226,B,CM,0.774
227,B,CM,0.761
228,B,CM,0.758
229,B,CM,0.78
230,B,CM,0.767
231,B,CM,0.753
232,B,CM,0.741
233,B,CM,0.723
234,B,CM,0.722
235,B,CM,0.734
236,B,CM,0.738
237,B,CM,0.757
238,B,CM,0.804
239,B,CM,0.745
240,B,CM,0.77
241,B,CM,0.775
242,B,CM,0.773
243,B,CM,0.81
244,B,CM,0.797
245,B,CM,0.778
246,B,CM,0.77
247,B,CM,0.787
248,B,CM,0.785
249,B,CM,0.784
250,B,CM,0.777
251,B,CM,0.801
252,B,CM,0.803
253,B,CM,0.749
254,B,CM,0.744
255,B,CM,0.719
256,B,CM,0.737
257,B,CM,0.708
258,B,CM,0.748
259,B,CM,0.762
260,B,CM,0.746
261,B,CM,0.763
262,B,CM,0.77
263,B,CM,0.788
264,B,CM,0.74
265,B,CM,0.778
266,B,CM,0.776
267,B,CM,0.789
268,B,CM,0.731
269,B,CM,0.744
270,B,CM,0.746
271,B,CM,0.771
272,B,CM,0.77
273,B,CM,0.769
274,B,CM,0.793
275,B,CM,0.775
276,B,CM,0.803
277,B,CM,0.816
278,B,CM,0.799
279,B,CM,0.78
280,B,CM,0.762
281,B,CM,0.742
282,B,CM,0.725
283,B,CM,0.768
284,B,CM,0.752
285,B,CM,0.745
286,B,CM,0.74
287,B,CM,0.77
288,B,CM,0.738
289,B,CM,0.749
290,B,CM,0.733
291,B,CM,0.73
292,B,CM,0.764
293,B,CM,0.778
294,B,CM,0.785
295,B,CM,0.782
296,B,CM,0.776
297,B,CM,0.807
298,B,CM,0.776
299,B,CM,0.811
300,B,CM,0.776
301,B,CM,0.761
302,B,CM,0.758
303,B,CM,0.767
304,B,CM,0.737
305,B,CM,0.746
306,B,CM,0.758
307,B,CM,0.735
308,B,CM,0.728
309,B,CM,0.722
310,B,CM,0.74
311,B,CM,0.764
312,B,CM,0.771
313,B,CM,0.79
314,B,CM,0.739
315,B,CM,0.756
316,B,CM,0.725
317,B,CM,0.76
318,B,CM,0.764
319,B,CM,0.766
320,B,CM,0.814
321,B,CM,0.803
322,B,CM,0.764
323,B,CM,0.738
324,B,CM,0.756
325,B,CM,0.749
326,B,CM,0.786
327,B,CM,0.794
328,B,CM,0.772
329,B,CM,0.757
330,B,CM,0.765
331,B,CM,0.768
332,B,CM,0.755
333,B,CM,0.765
334,B,CM,0.753
335,B,CM,0.81
336,B,CM,0.76
337,B,CM,0.777
338,B,CM,0.778
339,B,CM,0.771
340,B,CM,0.765
341,B,CM,0.766
342,B,CM,0.755
343,B,CM,0.746
344,B,CM,0.73
345,B,CM,0.749
346,B,CM,0.738
347,B,CM,0.746
348,B,CM,0.76
349,B,CM,0.789
350,B,CM,0.831
351,B,CM,0.768
352,B,CM,0.774
353,B,CM,0.764
354,B,CM,0.751
355,B,CM,0.732
356,B,CM,0.728
357,B,CM,0.744
358,B,CM,0.76
359,B,CM,0.812
360,B,CM,0.778
361,B,CM,0.778
362,B,CM,0.749
363,B,CM,0.734
364,B,CM,0.722
365,B,CM,0.728
366,B,CM,0.756
367,B,CM,0.709
368,B,CM,0.701
369,B,CM,0.719
370,B,CM,0.745
371,B,CM,0.779
372,B,CM,0.776
373,B,CM,0.78
374,B,CM,0.736
375,B,CM,0.763
376,B,CM,0.754
377,B,CM,0.748
378,B,CM,0.763
379,B,CM,0.77
380,B,CM,0.734
381,B,CM,0.773
382,B,CM,0.789
383,B,CM,0.741
384,B,CM,0.805
385,B,CM,0.794
386,B,CM,0.762
387,B,CM,0.745
388,B,CM,0.76
389,B,CM,0.782
390,B,CM,0.772
391,B,CM,0.768
392,B,CM,0.781
393,B,CM,0.787
394,B,CM,0.801
395,B,CM,0.762
396,B,CM,0.733
397,B,CM,0.729
398,B,CM,0.752
399,B,CM,0.755
400,B,CM,0.727
401,B,CM,0.752
402,B,CM,0.793
403,B,CM,0.763
404,B,CM,0.73
405,B,CM,0.765
406,B,CM,0.722
407,B,CM,0.737
408,B,CM,0.714
409,B,CM,0.737
410,B,CM,0.73
411,B,CM,0.729
412,B,CM,0.729
413,B,CM,0.714
414,B,CM,0.716
415,B,CM,0.74
416,B,CM,0.782
417,B,CM,0.785
418,B,CM,0.801
419,B,CM,0.823
420,B,CM,0.815
421,B,CM,0.765
422,B,CM,0.736
423,B,CM,0.762
424,B,CM,0.762
425,B,CM,0.754
426,B,CM,0.738
427,B,CM,0.787
428,B,CM,0.755
429,B,CM,0.727
430,B,CM,0.756
431,B,CM,0.722
432,B,CM,0.7
433,B,CM,0.734
434,B,CM,0.748
435,B,CM,0.779
436,B,CM,0.764
437,B,CM,0.752
438,B,CM,0.734
439,B,CM,0.736
440,B,CM,0.74
441,B,CM,0.744
442,B,CM,0.787
443,B,CM,0.787
444,B,CM,0.751
445,B,CM,0.769
446,B,CM,0.782
447,B,CM,0.82
448,B,CM,0.81
449,B,CM,0.793
450,B,CM,0.776
451,B,CM,0.774
452,B,CM,0.782
453,B,CM,0.751
454,B,CM,0.75
455,B,CM,0.766
456,B,CM,0.753
457,B,CM,0.762
458,B,CM,0.728
459,B,CM,0.741
460,B,CM,0.781
461,B,CM,0.731
462,B,CM,0.728
463,B,CM,0.749
464,B,CM,0.734
465,B,CM,0.777
466,B,CM,0.782
467,B,CM,0.787
468,B,CM,0.772
469,B,CM,0.745
470,B,CM,0.752
471,B,CM,0.754
472,B,CM,0.761
473,B,CM,0.768
474,B,CM,0.776
475,B,CM,0.795
476,B,CM,0.781
477,B,CM,0.763
478,B,CM,0.747
479,B,CM,0.76
480,B,CM,0.771
481,B,CM,0.743
482,B,CM,0.729
483,B,CM,0.744
484,B,CM,0.771
485,B,CM,0.762
486,B,CM,0.755
487,B,CM,0.767
488,B,CM,0.771
489,B,CM,0.776
490,B,CM,0.785
491,B,CM,0.765
492,B,CM,0.773
493,B,CM,0.784
494,B,CM,0.799
495,B,CM,0.754
496,B,CM,0.772
497,B,CM,0.799
498,B,CM,0.816
499,B,CM,0.789
500,B,CM,0.753
1,B,RM,0.925
2,B,RM,0.908
3,B,RM,0.859
4,B,RM,0.88
5,B,RM,0.894
6,B,RM,0.944
7,B,RM,0.935
8,B,RM,0.92
9,B,RM,0.905
10,B,RM,0.937
11,B,RM,0.957
12,B,RM,0.93
13,B,RM,0.958
14,B,RM,0.962
15,B,RM,0.929
16,B,RM,0.926
17,B,RM,0.902
18,B,RM,0.899
19,B,RM,0.912
20,B,RM,0.934
21,B,RM,0.95
22,B,RM,0.917
23,B,RM,0.892
24,B,RM,0.886
25,B,RM,0.871
26,B,RM,0.879
27,B,RM,0.895
28,B,RM,0.894
29,B,RM,0.909
30,B,RM,0.934
31,B,RM,0.915
32,B,RM,0.909
33,B,RM,0.888
34,B,RM,0.868
35,B,RM,0.889
36,B,RM,0.898
37,B,RM,0.863
38,B,RM,0.936
39,B,RM,0.958
40,B,RM,0.937
41,B,RM,0.949
42,B,RM,0.913
43,B,RM,0.881
44,B,RM,0.879
45,B,RM,0.842
46,B,RM,0.838
47,B,RM,0.898
48,B,RM,0.902
49,B,RM,0.866
50,B,RM,0.903
51,B,RM,0.96
52,B,RM,0.954
53,B,RM,0.909
54,B,RM,0.892
55,B,RM,0.916
56,B,RM,0.924
57,B,RM,0.885
58,B,RM,0.899
59,B,RM,0.874
60,B,RM,0.881
61,B,RM,0.91
62,B,RM,0.889
63,B,RM,0.898
64,B,RM,0.865
65,B,RM,0.917
66,B,RM,0.906
67,B,RM,0.908
68,B,RM,0.948
69,B,RM,0.936
70,B,RM,0.904
71,B,RM,0.918
72,B,RM,0.921
73,B,RM,0.909
74,B,RM,0.901
75,B,RM,0.927
76,B,RM,0.89
77,B,RM,0.908
78,B,RM,0.901
79,B,RM,0.91
80,B,RM,0.891
81,B,RM,0.923
82,B,RM,0.891
83,B,RM,0.914
84,B,RM,0.908
85,B,RM,0.881
86,B,RM,0.847
87,B,RM,0.896
88,B,RM,0.923
89,B,RM,0.942
90,B,RM,0.929
91,B,RM,0.903
92,B,RM,0.858
93,B,RM,0.919
94,B,RM,0.913
95,B,RM,0.91
96,B,RM,0.84
97,B,RM,0.864
98,B,RM,0.882
99,B,RM,0.945
100,B,RM,0.965
101,B,RM,0.972
102,B,RM,0.927
103,B,RM,0.93
104,B,RM,0.898
105,B,RM,0.908
106,B,RM,0.888
107,B,RM,0.93
108,B,RM,0.853
109,B,RM,0.892
110,B,RM,0.884
111,B,RM,0.885
112,B,RM,0.893
113,B,RM,0.885
114,B,RM,0.888
115,B,RM,0.901
116,B,RM,0.89
117,B,RM,0.927
118,B,RM,0.913
119,B,RM,0.923
120,B,RM,0.917
121,B,RM,0.917
122,B,RM,0.888
123,B,RM,0.913
124,B,RM,0.89
125,B,RM,0.9
126,B,RM,0.873
127,B,RM,0.855
128,B,RM,0.878
129,B,RM,0.889
130,B,RM,0.943
131,B,RM,0.909
132,B,RM,0.961
133,B,RM,0.938
134,B,RM,0.982
135,B,RM,0.956
136,B,RM,0.973
137,B,RM,0.892
138,B,RM,0.919
139,B,RM,0.915
140,B,RM,0.907
141,B,RM,0.849
142,B,RM,0.867
143,B,RM,0.936
144,B,RM,0.922
145,B,RM,0.916
146,B,RM,0.937
147,B,RM,0.912
148,B,RM,0.881
149,B,RM,0.861
150,B,RM,0.894
151,B,RM,0.948
152,B,RM,0.919
153,B,RM,0.937
154,B,RM,0.935
155,B,RM,0.897
156,B,RM,0.915
157,B,RM,0.903
158,B,RM,0.924
159,B,RM,0.865
160,B,RM,0.862
161,B,RM,0.84
162,B,RM,0.847
163,B,RM,0.885
164,B,RM,0.905
165,B,RM,0.91
166,B,RM,0.943
167,B,RM,0.914
168,B,RM,0.902
169,B,RM,0.89
170,B,RM,0.92
171,B,RM,0.934
172,B,RM,0.957
173,B,RM,0.957
174,B,RM,0.905
175,B,RM,0.921
176,B,RM,0.903
177,B,RM,0.919
178,B,RM,0.948
179,B,RM,0.949
180,B,RM,0.929
181,B,RM,0.911
182,B,RM,0.915
183,B,RM,0.944
184,B,RM,0.943
185,B,RM,0.89
186,B,RM,0.937
187,B,RM,0.93
188,B,RM,0.91
189,B,RM,0.867
190,B,RM,0.888
191,B,RM,0.889
192,B,RM,0.887
193,B,RM,0.864
194,B,RM,0.943
195,B,RM,0.958
196,B,RM,0.894
197,B,RM,0.875
198,B,RM,0.917
199,B,RM,0.919
200,B,RM,0.896
201,B,RM,0.908
202,B,RM,0.958
203,B,RM,0.921
204,B,RM,0.947
205,B,RM,0.922
206,B,RM,0.918
207,B,RM,0.901
208,B,RM,0.917
209,B,RM,0.911
210,B,RM,0.876
211,B,RM,0.892
212,B,RM,0.893
213,B,RM,0.943
214,B,RM,0.921
215,B,RM,0.897
216,B,RM,0.902
217,B,RM,0.931
218,B,RM,0.906
219,B,RM,0.916
220,B,RM,0.951
221,B,RM,0.942
222,B,RM,0.94
223,B,RM,0.947
224,B,RM,0.932
225,B,RM,0.909
226,B,RM,0.899
227,B,RM,0.927
228,B,RM,0.935
229,B,RM,0.911
230,B,RM,0.91
231,B,RM,0.892
232,B,RM,0.878
233,B,RM,0.851
234,B,RM,0.934
235,B,RM,0.946
236,B,RM,0.924
237,B,RM,0.927
238,B,RM,0.911
239,B,RM,0.866
240,B,RM,0.835
241,B,RM,0.866
242,B,RM,0.858
243,B,RM,0.86
244,B,RM,0.88
245,B,RM,0.855
246,B,RM,0.839
247,B,RM,0.872
248,B,RM,0.873
249,B,RM,0.893
250,B,RM,0.914
251,B,RM,0.937
252,B,RM,0.9
253,B,RM,0.892
254,B,RM,0.95
255,B,RM,0.958
256,B,RM,0.875
257,B,RM,0.887
258,B,RM,0.907
259,B,RM,0.907
260,B,RM,0.905
261,B,RM,0.912
262,B,RM,0.888
263,B,RM,0.882
264,B,RM,0.85
265,B,RM,0.86
266,B,RM,0.859
267,B,RM,0.862
268,B,RM,0.907
269,B,RM,0.91
270,B,RM,0.901
271,B,RM,0.866
272,B,RM,0.877
273,B,RM,0.938
274,B,RM,0.961
275,B,RM,0.895
276,B,RM,0.906
277,B,RM,0.905
278,B,RM,0.933
279,B,RM,0.915
280,B,RM,0.92
281,B,RM,0.873
282,B,RM,0.882
283,B,RM,0.865
284,B,RM,0.934
285,B,RM,0.895
286,B,RM,0.88
287,B,RM,0.903
288,B,RM,0.884
289,B,RM,0.898
290,B,RM,0.889
291,B,RM,0.89
292,B,RM,0.867
293,B,RM,0.887
294,B,RM,0.867
295,B,RM,0.866
296,B,RM,0.862
297,B,RM,0.901
298,B,RM,0.882
299,B,RM,0.924
300,B,RM,0.891
301,B,RM,0.874
302,B,RM,0.907
303,B,RM,0.893
304,B,RM,0.886
305,B,RM,0.854
306,B,RM,0.866
307,B,RM,0.831
308,B,RM,0.855
309,B,RM,0.844
310,B,RM,0.852
311,B,RM,0.9
312,B,RM,0.895
313,B,RM,0.932
314,B,RM,0.93
315,B,RM,0.928
316,B,RM,0.915
317,B,RM,0.932
318,B,RM,0.878
319,B,RM,0.909
320,B,RM,0.886
321,B,RM,0.877
322,B,RM,0.871
323,B,RM,0.896
324,B,RM,0.94
325,B,RM,0.93
326,B,RM,0.924
327,B,RM,0.932
328,B,RM,0.837
329,B,RM,0.855
330,B,RM,0.886
331,B,RM,0.923
332,B,RM,0.926
333,B,RM,0.942
334,B,RM,0.918
335,B,RM,0.895
336,B,RM,0.865
337,B,RM,0.853
338,B,RM,0.87
339,B,RM,0.917
340,B,RM,0.919
341,B,RM,0.927
342,B,RM,0.925
343,B,RM,0.904
344,B,RM,0.894
345,B,RM,0.851
346,B,RM,0.854
347,B,RM,0.843
348,B,RM,0.865
349,B,RM,0.873
350,B,RM,0.881
351,B,RM,0.894
352,B,RM,0.889
353,B,RM,0.85
354,B,RM,0.874
355,B,RM,0.859
356,B,RM,0.852
357,B,RM,0.858
358,B,RM,0.856
359,B,RM,0.859
360,B,RM,0.895
361,B,RM,0.897
362,B,RM,0.907
363,B,RM,0.914
364,B,RM,0.86
365,B,RM,0.899
366,B,RM,0.879
367,B,RM,0.842
368,B,RM,0.911
369,B,RM,0.937
370,B,RM,0.904
371,B,RM,0.911
372,B,RM,0.897
373,B,RM,0.949
374,B,RM,0.923
375,B,RM,0.943
376,B,RM,0.93
377,B,RM,0.921
378,B,RM,0.916
379,B,RM,0.89
380,B,RM,0.871
381,B,RM,0.888
382,B,RM,0.918
383,B,RM,0.934
384,B,RM,0.89
385,B,RM,0.925
386,B,RM,0.901
387,B,RM,0.861
388,B,RM,0.868
389,B,RM,0.914
390,B,RM,0.92
391,B,RM,0.928
392,B,RM,0.887
393,B,RM,0.856
394,B,RM,0.878
395,B,RM,0.906
396,B,RM,0.899
397,B,RM,0.914
398,B,RM,0.912
399,B,RM,0.91
400,B,RM,0.914
401,B,RM,0.877
402,B,RM,0.887
403,B,RM,0.864
404,B,RM,0.914
405,B,RM,0.951
406,B,RM,0.898
407,B,RM,0.876
408,B,RM,0.898
409,B,RM,0.866
410,B,RM,0.885
411,B,RM,0.861
412,B,RM,0.854
413,B,RM,0.876
414,B,RM,0.876
415,B,RM,0.903
416,B,RM,0.927
417,B,RM,0.902
418,B,RM,0.884
419,B,RM,0.845
420,B,RM,0.9
421,B,RM,0.889
422,B,RM,0.901
423,B,RM,0.871
424,B,RM,0.905
425,B,RM,0.903
426,B,RM,0.974
427,B,RM,0.956
428,B,RM,0.895
429,B,RM,0.934
430,B,RM,0.928
431,B,RM,0.924
432,B,RM,0.882
433,B,RM,0.831
434,B,RM,0.833
435,B,RM,0.863
436,B,RM,0.881
437,B,RM,0.902
438,B,RM,0.929
439,B,RM,0.843
440,B,RM,0.863
441,B,RM,0.885
442,B,RM,0.866
443,B,RM,0.94
444,B,RM,0.892
445,B,RM,0.901
446,B,RM,0.884
447,B,RM,0.915
448,B,RM,0.913
449,B,RM,0.919
450,B,RM,0.933
451,B,RM,0.908
452,B,RM,0.902
453,B,RM,0.934
454,B,RM,0.948
455,B,RM,0.932
456,B,RM,0.946
457,B,RM,0.915
458,B,RM,0.865
459,B,RM,0.85
460,B,RM,0.867
461,B,RM,0.895
462,B,RM,0.924
463,B,RM,0.895
464,B,RM,0.896
465,B,RM,0.94
466,B,RM,0.943
467,B,RM,0.934
468,B,RM,0.968
469,B,RM,0.896
470,B,RM,0.85
471,B,RM,0.81
472,B,RM,0.872
473,B,RM,0.894
474,B,RM,0.865
475,B,RM,0.828
476,B,RM,0.92
477,B,RM,0.893
478,B,RM,0.914
479,B,RM,0.891
480,B,RM,0.858
481,B,RM,0.814
482,B,RM,0.861
483,B,RM,0.901
484,B,RM,0.874
485,B,RM,0.9
486,B,RM,0.937
487,B,RM,0.918
488,B,RM,0.903
489,B,RM,0.92
490,B,RM,0.903
491,B,RM,0.907
492,B,RM,0.9
493,B,RM,0.94
494,B,RM,0.9
495,B,RM,0.874
496,B,RM,0.909
497,B,RM,0.88
498,B,RM,0.88
499,B,RM,0.923
500,B,RM,0.899
1,B,CA,0.786
2,B,CA,0.777
3,B,CA,0.783
4,B,CA,0.823
5,B,CA,0.822
6,B,CA,0.827
7,B,CA,0.853
8,B,CA,0.809
9,B,CA,0.815
10,B,CA,0.788
11,B,CA,0.798
12,B,CA,0.793
13,B,CA,0.812
14,B,CA,0.809
15,B,CA,0.801
16,B,CA,0.853
17,B,CA,0.814
18,B,CA,0.838
19,B,CA,0.811
20,B,CA,0.833
21,B,CA,0.823
22,B,CA,0.848
23,B,CA,0.824
24,B,CA,0.836
25,B,CA,0.831
26,B,CA,0.834
27,B,CA,0.808
28,B,CA,0.824
29,B,CA,0.781
30,B,CA,0.788
31,B,CA,0.804
32,B,CA,0.772
33,B,CA,0.793
34,B,CA,0.77
35,B,CA,0.8
36,B,CA,0.808
37,B,CA,0.821
38,B,CA,0.795
39,B,CA,0.783
40,B,CA,0.816
41,B,CA,0.811
42,B,CA,0.822
43,B,CA,0.794
44,B,CA,0.799
45,B,CA,0.774
46,B,CA,0.801
47,B,CA,0.805
48,B,CA,0.829
49,B,CA,0.832
50,B,CA,0.847
51,B,CA,0.843
52,B,CA,0.828
53,B,CA,0.802
54,B,CA,0.803
55,B,CA,0.789
56,B,CA,0.788
57,B,CA,0.774
58,B,CA,0.796
59,B,CA,0.815
60,B,CA,0.799
61,B,CA,0.755
62,B,CA,0.814
63,B,CA,0.84
64,B,CA,0.835
65,B,CA,0.82
66,B,CA,0.839
67,B,CA,0.807
68,B,CA,0.787
69,B,CA,0.818
70,B,CA,0.806
71,B,CA,0.825
72,B,CA,0.814
73,B,CA,0.826
74,B,CA,0.849
75,B,CA,0.846
76,B,CA,0.832
77,B,CA,0.771
78,B,CA,0.76
79,B,CA,0.782
80,B,CA,0.818
81,B,CA,0.799
82,B,CA,0.79
83,B,CA,0.798
84,B,CA,0.845
85,B,CA,0.818
86,B,CA,0.79
87,B,CA,0.818
88,B,CA,0.795
89,B,CA,0.807
90,B,CA,0.788
91,B,CA,0.79
92,B,CA,0.739
93,B,CA,0.784
94,B,CA,0.774
95,B,CA,0.798
96,B,CA,0.817
97,B,CA,0.787
98,B,CA,0.837
99,B,CA,0.789
100,B,CA,0.798
101,B,CA,0.78
102,B,CA,0.822
103,B,CA,0.815
104,B,CA,0.802
105,B,CA,0.823
106,B,CA,0.792
107,B,CA,0.796
108,B,CA,0.824
109,B,CA,0.828
110,B,CA,0.819
111,B,CA,0.866
112,B,CA,0.828
113,B,CA,0.825
114,B,CA,0.826
115,B,CA,0.784
116,B,CA,0.806
117,B,CA,0.831
118,B,CA,0.825
119,B,CA,0.854
120,B,CA,0.842
121,B,CA,0.794
122,B,CA,0.785
123,B,CA,0.799
124,B,CA,0.803
125,B,CA,0.828
126,B,CA,0.805
127,B,CA,0.815
128,B,CA,0.834
129,B,CA,0.839
130,B,CA,0.832
131,B,CA,0.836
132,B,CA,0.785
133,B,CA,0.823
134,B,CA,0.816
135,B,CA,0.816
136,B,CA,0.838
137,B,CA,0.806
138,B,CA,0.808
139,B,CA,0.805
140,B,CA,0.793
141,B,CA,0.798
142,B,CA,0.861
143,B,CA,0.818
144,B,CA,0.775
145,B,CA,0.791
146,B,CA,0.812
147,B,CA,0.812
148,B,CA,0.786
149,B,CA,0.787
150,B,CA,0.809
151,B,CA,0.818
152,B,CA,0.809
153,B,CA,0.822
154,B,CA,0.806
155,B,CA,0.776
156,B,CA,0.816
157,B,CA,0.816
158,B,CA,0.809
159,B,CA,0.811
160,B,CA,0.816
161,B,CA,0.786
162,B,CA,0.832
163,B,CA,0.847
164,B,CA,0.813
165,B,CA,0.779
166,B,CA,0.816
167,B,CA,0.795
168,B,CA,0.8
169,B,CA,0.834
170,B,CA,0.853
171,B,CA,0.818
172,B,CA,0.813
173,B,CA,0.822
174,B,CA,0.811
175,B,CA,0.801
176,B,CA,0.851
177,B,CA,0.864
178,B,CA,0.87
179,B,CA,0.862
180,B,CA,0.818
181,B,CA,0.795
182,B,CA,0.85
183,B,CA,0.845
184,B,CA,0.821
185,B,CA,0.804
186,B,CA,0.825
187,B,CA,0.789
188,B,CA,0.812
189,B,CA,0.836
190,B,CA,0.819
191,B,CA,0.797
192,B,CA,0.796
193,B,CA,0.847
194,B,CA,0.87
195,B,CA,0.873
196,B,CA,0.893
197,B,CA,0.869
198,B,CA,0.855
199,B,CA,0.846
200,B,CA,0.783
201,B,CA,0.828
202,B,CA,0.903
203,B,CA,0.856
204,B,CA,0.839
205,B,CA,0.822
206,B,CA,0.839
207,B,CA,0.858
208,B,CA,0.815
209,B,CA,0.801
210,B,CA,0.805
211,B,CA,0.819
212,B,CA,0.821
213,B,CA,0.838
214,B,CA,0.849
215,B,CA,0.865
216,B,CA,0.844
217,B,CA,0.876
218,B,CA,0.884
219,B,CA,0.839
220,B,CA,0.817
221,B,CA,0.819
222,B,CA,0.825
223,B,CA,0.834
224,B,CA,0.842
225,B,CA,0.842
226,B,CA,0.807
227,B,CA,0.793
228,B,CA,0.767
229,B,CA,0.829
230,B,CA,0.824
231,B,CA,0.823
232,B,CA,0.8
233,B,CA,0.809
234,B,CA,0.791
235,B,CA,0.781
236,B,CA,0.817
237,B,CA,0.784
238,B,CA,0.804
239,B,CA,0.815
240,B,CA,0.817
241,B,CA,0.753
242,B,CA,0.769
243,B,CA,0.774
244,B,CA,0.764
245,B,CA,0.818
246,B,CA,0.781
247,B,CA,0.813
248,B,CA,0.836
249,B,CA,0.793
250,B,CA,0.833
251,B,CA,0.841
252,B,CA,0.824
253,B,CA,0.801
254,B,CA,0.795
255,B,CA,0.777
256,B,CA,0.811
257,B,CA,0.808
258,B,CA,0.832
259,B,CA,0.836
260,B,CA,0.817
261,B,CA,0.809
262,B,CA,0.777
263,B,CA,0.743
264,B,CA,0.762
265,B,CA,0.777
266,B,CA,0.801
267,B,CA,0.816
268,B,CA,0.851
269,B,CA,0.832
270,B,CA,0.841
271,B,CA,0.833
272,B,CA,0.818
273,B,CA,0.813
274,B,CA,0.807
275,B,CA,0.839
276,B,CA,0.84
277,B,CA,0.855
278,B,CA,0.855
279,B,CA,0.858
280,B,CA,0.862
281,B,CA,0.832
282,B,CA,0.818
283,B,CA,0.762
284,B,CA,0.786
285,B,CA,0.805
286,B,CA,0.84
287,B,CA,0.824
288,B,CA,0.837
289,B,CA,0.803
290,B,CA,0.746
291,B,CA,0.781
292,B,CA,0.789
293,B,CA,0.822
294,B,CA,0.811
295,B,CA,0.802
296,B,CA,0.821
297,B,CA,0.804
298,B,CA,0.821
299,B,CA,0.807
300,B,CA,0.808
301,B,CA,0.842
302,B,CA,0.82
303,B,CA,0.816
304,B,CA,0.803
305,B,CA,0.8
306,B,CA,0.822
307,B,CA,0.825
308,B,CA,0.803
309,B,CA,0.831
310,B,CA,0.836
311,B,CA,0.826
312,B,CA,0.814
313,B,CA,0.883
314,B,CA,0.864
315,B,CA,0.849
316,B,CA,0.86
317,B,CA,0.793
318,B,CA,0.797
319,B,CA,0.771
320,B,CA,0.789
321,B,CA,0.794
322,B,CA,0.778
323,B,CA,0.81
324,B,CA,0.821
325,B,CA,0.823
326,B,CA,0.814
327,B,CA,0.824
328,B,CA,0.813
329,B,CA,0.801
330,B,CA,0.844
331,B,CA,0.812
332,B,CA,0.824
333,B,CA,0.838
334,B,CA,0.821
335,B,CA,0.775
336,B,CA,0.801
337,B,CA,0.831
338,B,CA,0.785
339,B,CA,0.794
340,B,CA,0.79
341,B,CA,0.789
342,B,CA,0.822
343,B,CA,0.824
344,B,CA,0.822
345,B,CA,0.788
346,B,CA,0.765
347,B,CA,0.745
348,B,CA,0.79
349,B,CA,0.768
350,B,CA,0.799
351,B,CA,0.773
352,B,CA,0.778
353,B,CA,0.805
354,B,CA,0.827
355,B,CA,0.816
356,B,CA,0.853
357,B,CA,0.808
358,B,CA,0.794
359,B,CA,0.834
360,B,CA,0.843
361,B,CA,0.81
362,B,CA,0.813
363,B,CA,0.803
364,B,CA,0.791
365,B,CA,0.81
366,B,CA,0.816
367,B,CA,0.844
368,B,CA,0.844
369,B,CA,0.826
370,B,CA,0.87
371,B,CA,0.866
372,B,CA,0.889
373,B,CA,0.855
374,B,CA,0.853
375,B,CA,0.809
376,B,CA,0.825
377,B,CA,0.827
378,B,CA,0.795
379,B,CA,0.754
380,B,CA,0.822
381,B,CA,0.849
382,B,CA,0.84
383,B,CA,0.814
384,B,CA,0.806
385,B,CA,0.811
386,B,CA,0.857
387,B,CA,0.852
388,B,CA,0.829
389,B,CA,0.806
390,B,CA,0.778
391,B,CA,0.787
392,B,CA,0.773
393,B,CA,0.785
394,B,CA,0.784
395,B,CA,0.807
396,B,CA,0.792
397,B,CA,0.814
398,B,CA,0.818
399,B,CA,0.811
400,B,CA,0.848
401,B,CA,0.843
402,B,CA,0.809
403,B,CA,0.831
404,B,CA,0.827
405,B,CA,0.845
406,B,CA,0.799
407,B,CA,0.792
408,B,CA,0.773
409,B,CA,0.77
410,B,CA,0.793
411,B,CA,0.75
412,B,CA,0.796
413,B,CA,0.834
414,B,CA,0.833
415,B,CA,0.84
416,B,CA,0.809
417,B,CA,0.814
418,B,CA,0.833
419,B,CA,0.828
420,B,CA,0.808
421,B,CA,0.772
422,B,CA,0.789
423,B,CA,0.788
424,B,CA,0.798
425,B,CA,0.769
426,B,CA,0.785
427,B,CA,0.827
428,B,CA,0.865
429,B,CA,0.87
430,B,CA,0.839
431,B,CA,0.829
432,B,CA,0.841
433,B,CA,0.835
434,B,CA,0.807
435,B,CA,0.823
436,B,CA,0.848
437,B,CA,0.838
438,B,CA,0.835
439,B,CA,0.86
440,B,CA,0.853
441,B,CA,0.865
442,B,CA,0.881
443,B,CA,0.86
444,B,CA,0.824
445,B,CA,0.849
446,B,CA,0.835
447,B,CA,0.766
448,B,CA,0.765
449,B,CA,0.778
450,B,CA,0.773
451,B,CA,0.791
452,B,CA,0.805
453,B,CA,0.8
454,B,CA,0.772
455,B,CA,0.749
456,B,CA,0.79
457,B,CA,0.793
458,B,CA,0.794
459,B,CA,0.825
460,B,CA,0.799
461,B,CA,0.792
462,B,CA,0.781
463,B,CA,0.821
464,B,CA,0.839
465,B,CA,0.825
466,B,CA,0.829
467,B,CA,0.827
468,B,CA,0.798
469,B,CA,0.782
470,B,CA,0.811
471,B,CA,0.855
472,B,CA,0.779
473,B,CA,0.782
474,B,CA,0.839
475,B,CA,0.844
476,B,CA,0.832
477,B,CA,0.781
478,B,CA,0.799
479,B,CA,0.77
480,B,CA,0.795
481,B,CA,0.817
482,B,CA,0.823
483,B,CA,0.81
484,B,CA,0.805
485,B,CA,0.812
486,B,CA,0.85
487,B,CA,0.817
488,B,CA,0.8
489,B,CA,0.837
490,B,CA,0.842
491,B,CA,0.826
492,B,CA,0.857
493,B,CA,0.861
494,B,CA,0.858
495,B,CA,0.838
496,B,CA,0.817
497,B,CA,0.806
498,B,CA,0.805
499,B,CA,0.854
500,B,CA,0.849
1,B,RA,1.016
2,B,RA,0.964
3,B,RA,0.96
4,B,RA,0.95
5,B,RA,0.984
6,B,RA,1.025
7,B,RA,0.985
8,B,RA,0.992
9,B,RA,0.945
10,B,RA,0.973
11,B,RA,1.005
12,B,RA,0.964
13,B,RA,0.951
14,B,RA,0.961
15,B,RA,0.978
16,B,RA,0.976
17,B,RA,0.97
18,B,RA,1.003
19,B,RA,1.001
20,B,RA,0.951
21,B,RA,0.915
22,B,RA,0.927
23,B,RA,0.963
24,B,RA,0.934
25,B,RA,1.008
26,B,RA,0.989
27,B,RA,0.992
28,B,RA,0.981
29,B,RA,0.969
30,B,RA,0.998
31,B,RA,1.0
32,B,RA,0.967
33,B,RA,0.954
34,B,RA,0.923
35,B,RA,0.92
36,B,RA,0.967
37,B,RA,0.992
38,B,RA,0.989
39,B,RA,0.988
40,B,RA,0.968
41,B,RA,0.991
42,B,RA,1.017
43,B,RA,1.008
44,B,RA,0.96
45,B,RA,0.969
46,B,RA,0.977
47,B,RA,1.013
48,B,RA,0.98
49,B,RA,1.027
50,B,RA,1.014
51,B,RA,1.089
52,B,RA,1.069
53,B,RA,1.037
54,B,RA,1.007
55,B,RA,1.051
56,B,RA,1.001
57,B,RA,0.985
58,B,RA,1.017
59,B,RA,1.007
60,B,RA,0.964
61,B,RA,0.975
62,B,RA,0.937
63,B,RA,0.968
64,B,RA,0.983
65,B,RA,0.983
66,B,RA,0.962
67,B,RA,0.914
68,B,RA,0.979
69,B,RA,0.956
70,B,RA,0.978
71,B,RA,0.959
72,B,RA,0.962
73,B,RA,0.929
74,B,RA,0.886
75,B,RA,0.979
76,B,RA,0.983
77,B,RA,0.951
78,B,RA,1.001
79,B,RA,0.995
80,B,RA,0.993
81,B,RA,1.046
82,B,RA,1.038
83,B,RA,0.984
84,B,RA,1.018
85,B,RA,1.011
86,B,RA,0.996
87,B,RA,1.019
88,B,RA,1.005
89,B,RA,1.034
90,B,RA,0.982
91,B,RA,0.996
92,B,RA,0.972
93,B,RA,0.984
94,B,RA,1.007
95,B,RA,0.967
96,B,RA,1.02
97,B,RA,0.989
98,B,RA,1.001
99,B,RA,0.995
100,B,RA,1.041
101,B,RA,1.009
102,B,RA,1.006
103,B,RA,0.94
104,B,RA,0.982
105,B,RA,1.04
106,B,RA,1.034
107,B,RA,1.019
108,B,RA,1.047
109,B,RA,0.956
110,B,RA,0.945
111,B,RA,0.975
112,B,RA,1.004
113,B,RA,1.04
114,B,RA,1.016
115,B,RA,1.039
116,B,RA,1.028
117,B,RA,0.949
118,B,RA,0.965
119,B,RA,0.975
120,B,RA,1.024
121,B,RA,0.998
122,B,RA,0.939
123,B,RA,0.988
124,B,RA,0.964
125,B,RA,0.95
126,B,RA,0.969
127,B,RA,0.97
128,B,RA,0.989
129,B,RA,0.987
130,B,RA,1.023
131,B,RA,0.958
132,B,RA,1.008
133,B,RA,1.065
134,B,RA,0.998
135,B,RA,1.015
136,B,RA,1.032
137,B,RA,0.954
138,B,RA,0.99
139,B,RA,0.967
140,B,RA,0.949
141,B,RA,0.969
142,B,RA,0.975
143,B,RA,0.945
144,B,RA,0.979
145,B,RA,1.031
146,B,RA,0.992
147,B,RA,0.971
148,B,RA,0.996
149,B,RA,0.968
150,B,RA,0.965
151,B,RA,1.0
152,B,RA,0.974
153,B,RA,0.961
154,B,RA,0.954
155,B,RA,0.99
156,B,RA,0.944
157,B,RA,0.974
158,B,RA,0.928
159,B,RA,0.944
160,B,RA,0.993
161,B,RA,0.998
162,B,RA,0.995
163,B,RA,0.97
164,B,RA,0.955
165,B,RA,0.97
166,B,RA,1.043
167,B,RA,0.991
168,B,RA,1.037
169,B,RA,1.055
170,B,RA,1.054
171,B,RA,1.052
172,B,RA,1.018
173,B,RA,1.06
174,B,RA,1.039
175,B,RA,0.997
176,B,RA,1.034
177,B,RA,1.031
178,B,RA,0.985
179,B,RA,0.996
180,B,RA,0.993
181,B,RA,0.945
182,B,RA,0.935
183,B,RA,1.035
184,B,RA,1.027
185,B,RA,1.021
186,B,RA,0.98
187,B,RA,0.975
188,B,RA,0.999
189,B,RA,0.99
190,B,RA,0.982
191,B,RA,0.979
192,B,RA,1.033
193,B,RA,1.005
194,B,RA,1.021
195,B,RA,0.938
196,B,RA,0.923
197,B,RA,0.922
198,B,RA,0.957
199,B,RA,0.929
200,B,RA,0.949
201,B,RA,0.947
202,B,RA,0.966
203,B,RA,1.0
204,B,RA,0.933
205,B,RA,0.917
206,B,RA,0.943
207,B,RA,0.93
208,B,RA,0.921
209,B,RA,0.978
210,B,RA,0.998
211,B,RA,0.964
212,B,RA,0.98
213,B,RA,0.97
214,B,RA,0.925
215,B,RA,0.954
216,B,RA,0.969
217,B,RA,1.004
218,B,RA,1.009
219,B,RA,0.979
220,B,RA,1.027
221,B,RA,0.972
222,B,RA,0.995
223,B,RA,1.017
224,B,RA,0.973
225,B,RA,0.988
226,B,RA,1.004
227,B,RA,1.006
228,B,RA,0.982
229,B,RA,0.999
230,B,RA,1.014
231,B,RA,1.044
232,B,RA,0.935
233,B,RA,0.917
234,B,RA,0.973
235,B,RA,1.002
236,B,RA,1.023
237,B,RA,1.019
238,B,RA,0.95
239,B,RA,0.975
240,B,RA,0.962
241,B,RA,0.929
242,B,RA,0.914
243,B,RA,0.934
244,B,RA,0.939
245,B,RA,0.944
246,B,RA,0.966
247,B,RA,0.934
248,B,RA,1.023
249,B,RA,1.021
250,B,RA,0.99
251,B,RA,0.97
252,B,RA,1.002
253,B,RA,0.977
254,B,RA,0.977
255,B,RA,0.995
256,B,RA,0.964
257,B,RA,0.944
258,B,RA,0.985
259,B,RA,0.972
260,B,RA,0.97
261,B,RA,0.985
262,B,RA,0.918
263,B,RA,0.911
264,B,RA,0.931
265,B,RA,0.973
266,B,RA,0.993
267,B,RA,0.998
268,B,RA,1.048
269,B,RA,0.989
270,B,RA,1.016
271,B,RA,0.997
272,B,RA,0.989
273,B,RA,0.955
274,B,RA,0.988
275,B,RA,0.981
276,B,RA,0.991
277,B,RA,0.992
278,B,RA,1.005
279,B,RA,1.017
280,B,RA,0.99
281,B,RA,0.954
282,B,RA,0.923
283,B,RA,0.948
284,B,RA,0.929
285,B,RA,0.959
286,B,RA,0.921
287,B,RA,0.945
288,B,RA,0.94
289,B,RA,0.891
290,B,RA,0.888
291,B,RA,0.92
292,B,RA,0.913
293,B,RA,0.931
294,B,RA,0.943
295,B,RA,0.955
296,B,RA,0.969
297,B,RA,1.057
298,B,RA,1.027
299,B,RA,0.974
300,B,RA,0.976
301,B,RA,0.965
302,B,RA,0.909
303,B,RA,0.93
304,B,RA,0.942
305,B,RA,0.939
306,B,RA,0.936
307,B,RA,0.965
308,B,RA,0.951
309,B,RA,0.933
310,B,RA,0.965
311,B,RA,1.006
312,B,RA,0.998
313,B,RA,0.967
314,B,RA,0.952
315,B,RA,0.959
316,B,RA,0.933
317,B,RA,0.909
318,B,RA,0.928
319,B,RA,0.967
320,B,RA,0.947
321,B,RA,0.952
322,B,RA,1.036
323,B,RA,1.023
324,B,RA,0.992
325,B,RA,0.926
326,B,RA,0.935
327,B,RA,0.992
328,B,RA,1.031
329,B,RA,1.031
330,B,RA,1.001
331,B,RA,1.01
332,B,RA,0.961
333,B,RA,0.904
334,B,RA,0.936
335,B,RA,0.949
336,B,RA,0.984
337,B,RA,1.025
338,B,RA,0.983
339,B,RA,0.987
340,B,RA,0.951
341,B,RA,0.965
342,B,RA,0.996
343,B,RA,0.944
344,B,RA,1.006
345,B,RA,0.999
346,B,RA,0.944
347,B,RA,0.964
348,B,RA,0.961
349,B,RA,0.988
350,B,RA,0.97
351,B,RA,1.019
352,B,RA,0.994
353,B,RA,0.99
354,B,RA,0.965
355,B,RA,0.99
356,B,RA,0.996
357,B,RA,1.045
358,B,RA,1.018
359,B,RA,0.951
360,B,RA,0.938
361,B,RA,0.937
362,B,RA,0.974
363,B,RA,0.966
364,B,RA,0.983
365,B,RA,0.975
366,B,RA,0.994
367,B,RA,0.961
368,B,RA,0.937
369,B,RA,0.977
370,B,RA,0.941
371,B,RA,1.0
372,B,RA,1.017
373,B,RA,0.96
374,B,RA,0.929
375,B,RA,0.916
376,B,RA,0.949
377,B,RA,0.986
378,B,RA,0.95
379,B,RA,0.969
380,B,RA,0.968
381,B,RA,0.923
382,B,RA,0.96
383,B,RA,0.971
384,B,RA,0.956
385,B,RA,1.002
386,B,RA,0.958
387,B,RA,0.952
388,B,RA,0.942
389,B,RA,0.959
390,B,RA,0.96
391,B,RA,0.988
392,B,RA,1.017
393,B,RA,0.991
394,B,RA,0.997
395,B,RA,1.011
396,B,RA,0.983
397,B,RA,0.987
398,B,RA,0.948
399,B,RA,0.951
400,B,RA,0.879
401,B,RA,0.899
402,B,RA,0.954
403,B,RA,0.965
404,B,RA,0.949
405,B,RA,0.962
406,B,RA,0.937
407,B,RA,0.953
408,B,RA,0.973
409,B,RA,1.009
410,B,RA,0.999
411,B,RA,0.966
412,B,RA,0.925
413,B,RA,0.977
414,B,RA,0.969
415,B,RA,0.985
416,B,RA,0.98
417,B,RA,0.952
418,B,RA,0.944
419,B,RA,0.946
420,B,RA,0.935
421,B,RA,0.925
422,B,RA,0.905
423,B,RA,0.92
424,B,RA,1.004
425,B,RA,0.989
426,B,RA,0.997
427,B,RA,0.967
428,B,RA,0.932
429,B,RA,0.991
430,B,RA,1.021
431,B,RA,0.954
432,B,RA,0.953
433,B,RA,0.961
434,B,RA,0.975
435,B,RA,1.025
436,B,RA,1.033
437,B,RA,1.057
438,B,RA,1.034
439,B,RA,1.035
440,B,RA,1.009
441,B,RA,0.99
442,B,RA,0.97
443,B,RA,0.992
444,B,RA,1.0
445,B,RA,1.063
446,B,RA,0.979
447,B,RA,0.926
448,B,RA,0.937
449,B,RA,0.966
450,B,RA,0.953
451,B,RA,0.975
452,B,RA,0.968
453,B,RA,0.919
454,B,RA,0.976
455,B,RA,1.01
456,B,RA,0.985
457,B,RA,0.908
458,B,RA,1.009
459,B,RA,0.985
460,B,RA,1.004
461,B,RA,0.967
462,B,RA,0.923
463,B,RA,0.954
464,B,RA,0.979
465,B,RA,0.929
466,B,RA,0.924
467,B,RA,0.914
468,B,RA,0.896
469,B,RA,0.903
470,B,RA,0.925
471,B,RA,0.947
472,B,RA,0.968
473,B,RA,0.971
474,B,RA,0.998
475,B,RA,0.968
476,B,RA,1.027
477,B,RA,0.962
478,B,RA,0.966
479,B,RA,0.981
480,B,RA,0.978
481,B,RA,0.982
482,B,RA,0.957
483,B,RA,0.982
484,B,RA,0.972
485,B,RA,0.968
486,B,RA,0.994
487,B,RA,0.987
488,B,RA,0.975
489,B,RA,0.956
490,B,RA,1.024
491,B,RA,0.984
492,B,RA,0.969
493,B,RA,0.994
494,B,RA,0.999
495,B,RA,0.919
496,B,RA,0.952
497,B,RA,0.961
498,B,RA,1.012
499,B,RA,1.022
500,B,RA,1.022
1,C,CM,1.029
2,C,CM,1.015
3,C,CM,0.999
4,C,CM,0.976
5,C,CM,1.002
6,C,CM,0.974
7,C,CM,0.971
8,C,CM,0.995
9,C,CM,1.001
10,C,CM,1.007
11,C,CM,1.073
12,C,CM,1.083
13,C,CM,1.081
14,C,CM,1.128
15,C,CM,1.098
16,C,CM,1.055
17,C,CM,1.07
18,C,CM,1.054
19,C,CM,1.021
20,C,CM,1.04
21,C,CM,1.029
22,C,CM,0.965
23,C,CM,0.976
24,C,CM,1.016
25,C,CM,0.984
26,C,CM,1.021
27,C,CM,1.027
28,C,CM,0.987
29,C,CM,0.978
30,C,CM,0.997
31,C,CM,0.973
32,C,CM,0.999
33,C,CM,1.059
34,C,CM,1.018
35,C,CM,1.016
36,C,CM,1.019
37,C,CM,0.973
38,C,CM,1.011
39,C,CM,1.025
40,C,CM,1.044
41,C,CM,1.005
42,C,CM,1.052
43,C,CM,1.038
44,C,CM,1.012
45,C,CM,1.035
46,C,CM,1.021
47,C,CM,1.02
48,C,CM,0.961
49,C,CM,0.986
50,C,CM,0.963
51,C,CM,1.012
52,C,CM,0.971
53,C,CM,0.993
54,C,CM,1.035
55,C,CM,1.063
56,C,CM,1.051
57,C,CM,1.023
58,C,CM,1.038
59,C,CM,1.059
60,C,CM,1.052
61,C,CM,1.078
62,C,CM,1.043
63,C,CM,1.018
64,C,CM,1.003
65,C,CM,1.039
66,C,CM,1.004
67,C,CM,0.987
68,C,CM,1.007
69,C,CM,1.087
70,C,CM,1.035
71,C,CM,1.048
72,C,CM,1.048
73,C,CM,1.04
74,C,CM,1.008
75,C,CM,1.004
76,C,CM,1.0
77,C,CM,1.022
78,C,CM,1.018
79,C,CM,1.014
80,C,CM,1.072
81,C,CM,1.027
82,C,CM,1.0
83,C,CM,0.988
84,C,CM,1.028
85,C,CM,1.042
86,C,CM,1.041
87,C,CM,1.006
88,C,CM,1.058
89,C,CM,1.061
90,C,CM,1.085
91,C,CM,1.088
92,C,CM,1.093
93,C,CM,1.052
94,C,CM,1.028
95,C,CM,1.069
96,C,CM,0.993
97,C,CM,1.05
98,C,CM,1.048
99,C,CM,1.05
100,C,CM,1.088
101,C,CM,0.998
102,C,CM,0.985
103,C,CM,1.018
104,C,CM,0.992
105,C,CM,1.006
106,C,CM,0.999
107,C,CM,0.97
108,C,CM,1.012
109,C,CM,0.998
110,C,CM,1.004
111,C,CM,1.051
112,C,CM,1.021
113,C,CM,1.047
114,C,CM,1.042
115,C,CM,1.066
116,C,CM,1.011
117,C,CM,1.058
118,C,CM,1.007
119,C,CM,1.038
120,C,CM,1.065
121,C,CM,1.064
122,C,CM,1.06
123,C,CM,1.058
124,C,CM,1.064
125,C,CM,1.042
126,C,CM,1.094
127,C,CM,1.043
128,C,CM,1.061
129,C,CM,1.107
130,C,CM,1.041
131,C,CM,0.997
132,C,CM,0.984
133,C,CM,1.011
134,C,CM,1.043
135,C,CM,1.004
136,C,CM,0.979
137,C,CM,0.927
138,C,CM,0.949
139,C,CM,1.029
140,C,CM,1.045
141,C,CM,1.035
142,C,CM,1.007
143,C,CM,0.996
144,C,CM,1.017
145,C,CM,1.058
146,C,CM,1.036
147,C,CM,1.036
148,C,CM,1.042
149,C,CM,1.04
150,C,CM,1.016
151,C,CM,1.054
152,C,CM,1.022
153,C,CM,1.009
154,C,CM,0.994
155,C,CM,1.013
156,C,CM,1.036
157,C,CM,1.04
158,C,CM,1.025
159,C,CM,0.976
160,C,CM,0.982
161,C,CM,0.965
162,C,CM,1.021
163,C,CM,1.001
164,C,CM,1.038
165,C,CM,1.08
166,C,CM,1.103
167,C,CM,1.029
168,C,CM,0.998
169,C,CM,0.99
170,C,CM,1.007
171,C,CM,1.016
172,C,CM,0.986
173,C,CM,0.966
174,C,CM,1.004
175,C,CM,1.064
176,C,CM,1.071
177,C,CM,1.016
178,C,CM,1.02
179,C,CM,1.064
180,C,CM,1.055
181,C,CM,1.031
182,C,CM,1.016
183,C,CM,0.986
184,C,CM,0.983
185,C,CM,0.968
186,C,CM,1.001
187,C,CM,1.015
188,C,CM,1.028
189,C,CM,1.028
190,C,CM,1.028
191,C,CM,1.014
192,C,CM,1.0
193,C,CM,1.036
194,C,CM,1.022
195,C,CM,1.034
196,C,CM,1.027
197,C,CM,1.097
198,C,CM,1.025
199,C,CM,1.037
200,C,CM,1.05
201,C,CM,1.05
202,C,CM,1.015
203,C,CM,1.041
204,C,CM,1.04
205,C,CM,1.045
206,C,CM,1.037
207,C,CM,1.042
208,C,CM,1.053
209,C,CM,0.97
210,C,CM,0.949
211,C,CM,0.881
212,C,CM,0.91
213,C,CM,0.985
214,C,CM,0.987
215,C,CM,1.012
216,C,CM,1.046
217,C,CM,1.033
218,C,CM,1.04
219,C,CM,1.092
220,C,CM,1.078
221,C,CM,1.05
222,C,CM,0.982
223,C,CM,0.983
224,C,CM,0.994
225,C,CM,1.048
226,C,CM,1.041
227,C,CM,1.059
228,C,CM,1.132
229,C,CM,1.08
230,C,CM,1.099
231,C,CM,1.048
232,C,CM,1.004
233,C,CM,1.093
234,C,CM,1.092
235,C,CM,1.092
236,C,CM,1.031
237,C,CM,1.069
238,C,CM,1.085
239,C,CM,1.067
240,C,CM,1.057
241,C,CM,0.981
242,C,CM,1.005
243,C,CM,1.045
244,C,CM,1.05
245,C,CM,1.033
246,C,CM,1.049
247,C,CM,1.064
248,C,CM,1.073
249,C,CM,1.033
250,C,CM,1.056
251,C,CM,1.04
252,C,CM,1.061
253,C,CM,1.104
254,C,CM,1.11
255,C,CM,1.137
256,C,CM,1.098
257,C,CM,1.048
258,C,CM,0.985
259,C,CM,0.995
260,C,CM,0.941
261,C,CM,0.943
262,C,CM,0.981
263,C,CM,1.051
264,C,CM,1.058
265,C,CM,1.107
266,C,CM,1.113
267,C,CM,1.053
268,C,CM,1.013
269,C,CM,1.008
270,C,CM,1.027
271,C,CM,0.984
272,C,CM,1.009
273,C,CM,1.024
274,C,CM,1.03
275,C,CM,1.004
276,C,CM,0.998
277,C,CM,0.963
278,C,CM,0.98
279,C,CM,0.993
280,C,CM,1.005
281,C,CM,1.019
282,C,CM,1.053
283,C,CM,1.046
284,C,CM,1.049
285,C,CM,1.047
286,C,CM,1.011
287,C,CM,1.039
288,C,CM,1.039
289,C,CM,1.008
290,C,CM,1.094
291,C,CM,1.097
292,C,CM,1.066
293,C,CM,1.094
294,C,CM,1.063
295,C,CM,1.063
296,C,CM,1.071
297,C,CM,1.058
298,C,CM,1.028
299,C,CM,1.019
300,C,CM,0.992
301,C,CM,1.011
302,C,CM,0.949
303,C,CM,0.978
304,C,CM,0.969
305,C,CM,0.942
306,C,CM,0.97
307,C,CM,0.967
308,C,CM,0.999
309,C,CM,1.046
310,C,CM,1.068
311,C,CM,1.046
312,C,CM,1.022
313,C,CM,1.038
314,C,CM,1.014
315,C,CM,1.063
316,C,CM,1.02
317,C,CM,1.042
318,C,CM,1.072
319,C,CM,1.037
320,C,CM,0.977
321,C,CM,0.966
322,C,CM,1.018
323,C,CM,1.047
324,C,CM,1.106
325,C,CM,1.07
326,C,CM,1.056
327,C,CM,1.065
328,C,CM,1.049
329,C,CM,1.011
330,C,CM,0.984
331,C,CM,1.011
332,C,CM,1.02
333,C,CM,1.049
334,C,CM,1.011
335,C,CM,1.009
336,C,CM,1.006
337,C,CM,1.004
338,C,CM,1.012
339,C,CM,0.963
340,C,CM,1.026
341,C,CM,1.063
342,C,CM,1.034
343,C,CM,1.034
344,C,CM,1.042
345,C,CM,1.095
346,C,CM,1.043
347,C,CM,1.058
348,C,CM,1.08
349,C,CM,1.019
350,C,CM,1.072
351,C,CM,1.126
352,C,CM,1.076
353,C,CM,1.041
354,C,CM,1.009
355,C,CM,0.979
356,C,CM,0.992
357,C,CM,1.029
358,C,CM,0.953
359,C,CM,1.007
360,C,CM,0.977
361,C,CM,0.992
362,C,CM,0.988
363,C,CM,0.994
364,C,CM,1.051
365,C,CM,1.029
366,C,CM,0.999
367,C,CM,0.948
368,C,CM,1.018
369,C,CM,1.027
370,C,CM,0.97
371,C,CM,0.993
372,C,CM,0.951
373,C,CM,0.965
374,C,CM,1.005
375,C,CM,0.99
376,C,CM,1.081
377,C,CM,1.121
378,C,CM,1.112
379,C,CM,1.088
380,C,CM,1.1
381,C,CM,1.107
382,C,CM,1.071
383,C,CM,1.088
384,C,CM,1.094
385,C,CM,1.096
386,C,CM,1.093
387,C,CM,1.062
388,C,CM,1.036
389,C,CM,1.071
390,C,CM,1.024
391,C,CM,1.039
392,C,CM,1.012
393,C,CM,1.049
394,C,CM,1.06
395,C,CM,1.031
396,C,CM,1.012
397,C,CM,1.03
398,C,CM,1.028
399,C,CM,1.013
400,C,CM,1.048
401,C,CM,1.028
402,C,CM,1.028
403,C,CM,1.069
404,C,CM,1.008
405,C,CM,0.977
406,C,CM,1.023
407,C,CM,1.004
408,C,CM,1.039
409,C,CM,1.05
410,C,CM,1.024
411,C,CM,0.978
412,C,CM,0.97
413,C,CM,0.951
414,C,CM,1.022
415,C,CM,1.028
416,C,CM,1.043
417,C,CM,1.029
418,C,CM,1.038
419,C,CM,1.01
420,C,CM,0.983
421,C,CM,1.052
422,C,CM,0.993
423,C,CM,0.997
424,C,CM,1.007
425,C,CM,1.021
426,C,CM,1.018
427,C,CM,0.954
428,C,CM,0.988
429,C,CM,1.049
430,C,CM,1.038
431,C,CM,1.026
432,C,CM,1.009
433,C,CM,0.986
434,C,CM,1.005
435,C,CM,1.042
436,C,CM,0.998
437,C,CM,1.092
438,C,CM,1.047
439,C,CM,1.093
440,C,CM,1.046
441,C,CM,1.076
442,C,CM,1.036
443,C,CM,1.03
444,C,CM,0.992
445,C,CM,1.076
446,C,CM,1.057
447,C,CM,1.071
448,C,CM,1.033
449,C,CM,1.035
450,C,CM,0.999
451,C,CM,0.982
452,C,CM,0.949
453,C,CM,0.978
454,C,CM,0.988
455,C,CM,1.012
456,C,CM,1.003
457,C,CM,1.045
458,C,CM,1.093
459,C,CM,1.09
460,C,CM,1.039
461,C,CM,1.052
462,C,CM,1.066
463,C,CM,1.057
464,C,CM,1.049
465,C,CM,1.05
466,C,CM,1.057
467,C,CM,1.071
468,C,CM,1.042
469,C,CM,1.047
470,C,CM,1.054
471,C,CM,0.999
472,C,CM,1.011
473,C,CM,1.042
474,C,CM,1.066
475,C,CM,1.015
476,C,CM,1.056
477,C,CM,1.052
478,C,CM,1.037
479,C,CM,1.074
480,C,CM,1.036
481,C,CM,1.007
482,C,CM,1.04
483,C,CM,1.067
484,C,CM,1.054
485,C,CM,1.069
486,C,CM,1.081
487,C,CM,1.049
488,C,CM,1.019
489,C,CM,1.024
490,C,CM,1.01
491,C,CM,1.036
492,C,CM,1.039
493,C,CM,1.043
494,C,CM,1.043
495,C,CM,1.012
496,C,CM,1.065
497,C,CM,1.051
498,C,CM,1.009
499,C,CM,1.007
500,C,CM,1.038
1,C,RM,1.157
2,C,RM,1.179
3,C,RM,1.193
4,C,RM,1.239
5,C,RM,1.263
6,C,RM,1.224
7,C,RM,1.22
8,C,RM,1.207
9,C,RM,1.205
10,C,RM,1.244
11,C,RM,1.23
12,C,RM,1.241
13,C,RM,1.244
14,C,RM,1.194
15,C,RM,1.178
16,C,RM,1.228
17,C,RM,1.18
18,C,RM,1.208
19,C,RM,1.225
20,C,RM,1.242
21,C,RM,1.183
22,C,RM,1.169
23,C,RM,1.174
24,C,RM,1.108
25,C,RM,1.175
26,C,RM,1.192
27,C,RM,1.194
28,C,RM,1.16
29,C,RM,1.13
30,C,RM,1.132
31,C,RM,1.226
32,C,RM,1.227
33,C,RM,1.182
34,C,RM,1.153
35,C,RM,1.15
36,C,RM,1.131
37,C,RM,1.11
38,C,RM,1.134
39,C,RM,1.152
40,C,RM,1.158
41,C,RM,1.167
42,C,RM,1.137
43,C,RM,1.185
44,C,RM,1.176
45,C,RM,1.209
46,C,RM,1.183
47,C,RM,1.193
48,C,RM,1.191
49,C,RM,1.174
50,C,RM,1.171
51,C,RM,1.168
52,C,RM,1.134
53,C,RM,1.181
54,C,RM,1.15
55,C,RM,1.156
56,C,RM,1.153
57,C,RM,1.147
58,C,RM,1.118
59,C,RM,1.15
60,C,RM,1.108
61,C,RM,1.08
62,C,RM,1.113
63,C,RM,1.139
64,C,RM,1.203
65,C,RM,1.197
66,C,RM,1.141
67,C,RM,1.213
68,C,RM,1.219
69,C,RM,1.182
70,C,RM,1.179
71,C,RM,1.215
72,C,RM,1.145
73,C,RM,1.205
74,C,RM,1.191
75,C,RM,1.154
76,C,RM,1.178
77,C,RM,1.251
78,C,RM,1.204
79,C,RM,1.261
80,C,RM,1.243
81,C,RM,1.248
82,C,RM,1.238
83,C,RM,1.163
84,C,RM,1.148
85,C,RM,1.183
86,C,RM,1.224
87,C,RM,1.155
88,C,RM,1.147
89,C,RM,1.194
90,C,RM,1.172
91,C,RM,1.152
92,C,RM,1.15
93,C,RM,1.144
94,C,RM,1.126
95,C,RM,1.15
96,C,RM,1.261
97,C,RM,1.171
98,C,RM,1.183
99,C,RM,1.278
100,C,RM,1.253
101,C,RM,1.278
102,C,RM,1.262
103,C,RM,1.249
104,C,RM,1.191
105,C,RM,1.149
106,C,RM,1.123
107,C,RM,1.174
108,C,RM,1.191
109,C,RM,1.175
110,C,RM,1.181
111,C,RM,1.189
112,C,RM,1.194
113,C,RM,1.2
114,C,RM,1.167
115,C,RM,1.266
116,C,RM,1.171
117,C,RM,1.184
118,C,RM,1.225
119,C,RM,1.192
120,C,RM,1.156
121,C,RM,1.092
122,C,RM,1.077
123,C,RM,1.099
124,C,RM,1.124
125,C,RM,1.201
126,C,RM,1.154
127,C,RM,1.161
128,C,RM,1.189
129,C,RM,1.133
130,C,RM,1.185
131,C,RM,1.151
132,C,RM,1.186
133,C,RM,1.223
134,C,RM,1.152
135,C,RM,1.143
136,C,RM,1.156
137,C,RM,1.15
138,C,RM,1.188
139,C,RM,1.232
140,C,RM,1.232
141,C,RM,1.237
142,C,RM,1.19
143,C,RM,1.203
144,C,RM,1.132
145,C,RM,1.12
146,C,RM,1.169
147,C,RM,1.173
148,C,RM,1.191
149,C,RM,1.179
150,C,RM,1.2
151,C,RM,1.176
152,C,RM,1.259
153,C,RM,1.203
154,C,RM,1.195
155,C,RM,1.227
156,C,RM,1.254
157,C,RM,1.237
158,C,RM,1.246
159,C,RM,1.259
160,C,RM,1.253
161,C,RM,1.221
162,C,RM,1.246
163,C,RM,1.28
164,C,RM,1.221
165,C,RM,1.226
166,C,RM,1.216
167,C,RM,1.161
168,C,RM,1.146
169,C,RM,1.2
170,C,RM,1.174
171,C,RM,1.145
172,C,RM,1.167
173,C,RM,1.165
174,C,RM,1.234
175,C,RM,1.203
176,C,RM,1.153
177,C,RM,1.144
178,C,RM,1.163
179,C,RM,1.19
180,C,RM,1.22
181,C,RM,1.297
182,C,RM,1.275
183,C,RM,1.21
184,C,RM,1.21
185,C,RM,1.216
186,C,RM,1.182
187,C,RM,1.131
188,C,RM,1.187
189,C,RM,1.174
190,C,RM,1.192
191,C,RM,1.217
192,C,RM,1.172
193,C,RM,1.159
194,C,RM,1.194
195,C,RM,1.159
196,C,RM,1.206
197,C,RM,1.219
198,C,RM,1.176
199,C,RM,1.226
200,C,RM,1.256
201,C,RM,1.188
202,C,RM,1.202
203,C,RM,1.194
204,C,RM,1.222
205,C,RM,1.233
206,C,RM,1.11
207,C,RM,1.156
208,C,RM,1.195
209,C,RM,1.216
210,C,RM,1.193
211,C,RM,1.232
212,C,RM,1.224
213,C,RM,1.266
214,C,RM,1.182
215,C,RM,1.192
216,C,RM,1.231
217,C,RM,1.224
218,C,RM,1.164
219,C,RM,1.192
220,C,RM,1.253
221,C,RM,1.218
222,C,RM,1.173
223,C,RM,1.199
224,C,RM,1.211
225,C,RM,1.218
226,C,RM,1.256
227,C,RM,1.299
228,C,RM,1.28
229,C,RM,1.188
230,C,RM,1.166
231,C,RM,1.164
232,C,RM,1.139
233,C,RM,1.136
234,C,RM,1.188
235,C,RM,1.181
236,C,RM,1.137
237,C,RM,1.077
238,C,RM,1.105
239,C,RM,1.076
240,C,RM,1.123
241,C,RM,1.2
242,C,RM,1.222
243,C,RM,1.191
244,C,RM,1.165
245,C,RM,1.173
246,C,RM,1.199
247,C,RM,1.176
248,C,RM,1.171
249,C,RM,1.103
250,C,RM,1.126
251,C,RM,1.116
252,C,RM,1.215
253,C,RM,1.14
254,C,RM,1.226
255,C,RM,1.232
256,C,RM,1.122
257,C,RM,1.218
258,C,RM,1.199
259,C,RM,1.21
260,C,RM,1.229
261,C,RM,1.281
262,C,RM,1.233
263,C,RM,1.204
264,C,RM,1.206
265,C,RM,1.208
266,C,RM,1.169
267,C,RM,1.168
268,C,RM,1.2
269,C,RM,1.178
270,C,RM,1.177
271,C,RM,1.145
272,C,RM,1.22
273,C,RM,1.237
274,C,RM,1.245
275,C,RM,1.251
276,C,RM,1.193
277,C,RM,1.182
278,C,RM,1.143
279,C,RM,1.179
280,C,RM,1.186
281,C,RM,1.198
282,C,RM,1.213
283,C,RM,1.197
284,C,RM,1.218
285,C,RM,1.231
286,C,RM,1.201
287,C,RM,1.211
288,C,RM,1.178
289,C,RM,1.162
290,C,RM,1.195
291,C,RM,1.233
292,C,RM,1.229
293,C,RM,1.202
294,C,RM,1.201
295,C,RM,1.262
296,C,RM,1.204
297,C,RM,1.206
298,C,RM,1.183
299,C,RM,1.227
300,C,RM,1.173
301,C,RM,1.194
302,C,RM,1.19
303,C,RM,1.179
304,C,RM,1.174
305,C,RM,1.213
306,C,RM,1.173
307,C,RM,1.187
308,C,RM,1.227
309,C,RM,1.208
310,C,RM,1.235
311,C,RM,1.216
312,C,RM,1.201
313,C,RM,1.189
314,C,RM,1.215
315,C,RM,1.234
316,C,RM,1.178
317,C,RM,1.198
318,C,RM,1.186
319,C,RM,1.152
320,C,RM,1.153
321,C,RM,1.133
322,C,RM,1.127
323,C,RM,1.109
324,C,RM,1.094
325,C,RM,1.118
326,C,RM,1.137
327,C,RM,1.16
328,C,RM,1.134
329,C,RM,1.118
330,C,RM,1.093
331,C,RM,1.136
332,C,RM,1.145
333,C,RM,1.157
334,C,RM,1.215
335,C,RM,1.255
336,C,RM,1.212
337,C,RM,1.186
338,C,RM,1.217
339,C,RM,1.23
340,C,RM,1.187
341,C,RM,1.218
342,C,RM,1.255
343,C,RM,1.307
344,C,RM,1.247
345,C,RM,1.221
346,C,RM,1.229
347,C,RM,1.224
348,C,RM,1.276
349,C,RM,1.219
350,C,RM,1.228
351,C,RM,1.217
352,C,RM,1.187
353,C,RM,1.105
354,C,RM,1.139
355,C,RM,1.104
356,C,RM,1.116
357,C,RM,1.124
358,C,RM,1.161
359,C,RM,1.151
360,C,RM,1.138
361,C,RM,1.118
362,C,RM,1.204
363,C,RM,1.147
364,C,RM,1.173
365,C,RM,1.165
366,C,RM,1.102
367,C,RM,1.138
368,C,RM,1.137
369,C,RM,1.195
370,C,RM,1.186
371,C,RM,1.18
372,C,RM,1.146
373,C,RM,1.244
374,C,RM,1.258
375,C,RM,1.223
376,C,RM,1.282
377,C,RM,1.263
378,C,RM,1.237
379,C,RM,1.247
380,C,RM,1.241
381,C,RM,1.218
382,C,RM,1.236
383,C,RM,1.245
384,C,RM,1.245
385,C,RM,1.192
386,C,RM,1.138
387,C,RM,1.138
388,C,RM,1.181
389,C,RM,1.166
390,C,RM,1.227
391,C,RM,1.237
392,C,RM,1.189
393,C,RM,1.134
394,C,RM,1.169
395,C,RM,1.184
396,C,RM,1.161
397,C,RM,1.219
398,C,RM,1.176
399,C,RM,1.186
400,C,RM,1.156
401,C,RM,1.128
402,C,RM,1.151
403,C,RM,1.177
404,C,RM,1.224
405,C,RM,1.207
406,C,RM,1.23
407,C,RM,1.253
408,C,RM,1.276
409,C,RM,1.246
410,C,RM,1.193
411,C,RM,1.229
412,C,RM,1.243
413,C,RM,1.238
414,C,RM,1.238
415,C,RM,1.245
416,C,RM,1.309
417,C,RM,1.301
418,C,RM,1.262
419,C,RM,1.23
420,C,RM,1.235
421,C,RM,1.212
422,C,RM,1.209
423,C,RM,1.239
424,C,RM,1.259
425,C,RM,1.241
426,C,RM,1.226
427,C,RM,1.242
428,C,RM,1.218
429,C,RM,1.181
430,C,RM,1.22
431,C,RM,1.214
432,C,RM,1.22
433,C,RM,1.259
434,C,RM,1.25
435,C,RM,1.194
436,C,RM,1.18
437,C,RM,1.178
438,C,RM,1.185
439,C,RM,1.184
440,C,RM,1.176
441,C,RM,1.182
442,C,RM,1.201
443,C,RM,1.17
444,C,RM,1.09
445,C,RM,1.171
446,C,RM,1.212
447,C,RM,1.147
448,C,RM,1.138
449,C,RM,1.231
450,C,RM,1.27
451,C,RM,1.17
452,C,RM,1.177
453,C,RM,1.171
454,C,RM,1.123
455,C,RM,1.164
456,C,RM,1.177
457,C,RM,1.184
458,C,RM,1.199
459,C,RM,1.167
460,C,RM,1.177
461,C,RM,1.231
462,C,RM,1.177
463,C,RM,1.202
464,C,RM,1.154
465,C,RM,1.202
466,C,RM,1.22
467,C,RM,1.253
468,C,RM,1.221
469,C,RM,1.238
470,C,RM,1.267
471,C,RM,1.227
472,C,RM,1.222
473,C,RM,1.225
474,C,RM,1.143
475,C,RM,1.156
476,C,RM,1.19
477,C,RM,1.231
478,C,RM,1.237
479,C,RM,1.271
480,C,RM,1.2
481,C,RM,1.256
482,C,RM,1.21
483,C,RM,1.161
484,C,RM,1.132
485,C,RM,1.122
486,C,RM,1.168
487,C,RM,1.187
488,C,RM,1.211
489,C,RM,1.237
490,C,RM,1.276
491,C,RM,1.24
492,C,RM,1.174
493,C,RM,1.155
494,C,RM,1.166
495,C,RM,1.217
496,C,RM,1.203
497,C,RM,1.18
498,C,RM,1.214
499,C,RM,1.178
500,C,RM,1.128
1,C,CA,1.082
2,C,CA,1.069
3,C,CA,1.09
4,C,CA,1.124
5,C,CA,1.105
6,C,CA,1.072
7,C,CA,1.078
8,C,CA,1.066
9,C,CA,1.08
10,C,CA,1.104
11,C,CA,1.081
12,C,CA,1.082
13,C,CA,1.039
14,C,CA,1.033
15,C,CA,1.039
16,C,CA,1.051
17,C,CA,1.107
18,C,CA,1.084
19,C,CA,1.072
20,C,CA,1.045
21,C,CA,1.03
22,C,CA,1.045
23,C,CA,1.047
24,C,CA,1.015
25,C,CA,1.061
26,C,CA,1.089
27,C,CA,1.114
28,C,CA,1.12
29,C,CA,1.1
30,C,CA,1.126
31,C,CA,1.153
32,C,CA,1.071
33,C,CA,1.092
34,C,CA,1.064
35,C,CA,1.078
36,C,CA,1.098
37,C,CA,1.088
38,C,CA,1.051
39,C,CA,1.033
40,C,CA,1.018
41,C,CA,1.031
42,C,CA,1.007
43,C,CA,1.031
44,C,CA,1.036
45,C,CA,1.01
46,C,CA,1.036
47,C,CA,1.052
48,C,CA,1.024
49,C,CA,1.053
50,C,CA,1.061
51,C,CA,1.06
52,C,CA,1.039
53,C,CA,1.102
54,C,CA,1.115
55,C,CA,1.118
56,C,CA,1.119
57,C,CA,1.111
58,C,CA,1.063
59,C,CA,1.065
60,C,CA,1.092
61,C,CA,1.102
62,C,CA,1.089
63,C,CA,1.082
64,C,CA,1.062
65,C,CA,1.087
66,C,CA,1.092
67,C,CA,1.11
68,C,CA,1.074
69,C,CA,1.085
70,C,CA,1.096
71,C,CA,1.081
72,C,CA,1.105
73,C,CA,1.108
74,C,CA,1.099
75,C,CA,1.107
76,C,CA,1.085
77,C,CA,1.081
78,C,CA,1.059
79,C,CA,1.094
80,C,CA,1.071
81,C,CA,1.137
82,C,CA,1.103
83,C,CA,1.047
84,C,CA,0.988
85,C,CA,0.991
86,C,CA,1.044
87,C,CA,1.028
88,C,CA,1.082
89,C,CA,1.093
90,C,CA,1.128
91,C,CA,1.102
92,C,CA,1.097
93,C,CA,1.076
94,C,CA,1.111
95,C,CA,1.087
96,C,CA,1.038
97,C,CA,1.08
98,C,CA,1.057
99,C,CA,1.059
100,C,CA,1.064
101,C,CA,1.082
102,C,CA,1.047
103,C,CA,1.045
104,C,CA,1.046
105,C,CA,1.027
106,C,CA,1.042
107,C,CA,1.055
108,C,CA,1.057
109,C,CA,1.072
110,C,CA,1.105
111,C,CA,1.079
112,C,CA,1.092
113,C,CA,1.106
114,C,CA,1.113
115,C,CA,1.071
116,C,CA,1.063
117,C,CA,1.038
118,C,CA,1.033
119,C,CA,1.043
120,C,CA,1.07
121,C,CA,1.052
122,C,CA,1.075
123,C,CA,1.057
124,C,CA,1.079
125,C,CA,1.045
126,C,CA,1.02
127,C,CA,1.011
128,C,CA,1.046
129,C,CA,1.058
130,C,CA,1.076
131,C,CA,1.078
132,C,CA,1.069
133,C,CA,1.059
134,C,CA,1.089
135,C,CA,1.119
136,C,CA,1.1
137,C,CA,1.079
138,C,CA,1.085
139,C,CA,1.075
140,C,CA,1.042
141,C,CA,1.023
142,C,CA,1.006
143,C,CA,1.062
144,C,CA,1.071
145,C,CA,0.965
146,C,CA,0.994
147,C,CA,1.08
148,C,CA,1.054
149,C,CA,1.052
150,C,CA,1.068
151,C,CA,1.098
152,C,CA,1.117
153,C,CA,1.087
154,C,CA,1.099
155,C,CA,1.077
156,C,CA,1.081
157,C,CA,1.081
158,C,CA,1.095
159,C,CA,1.049
160,C,CA,1.129
161,C,CA,1.12
162,C,CA,1.109
163,C,CA,1.07
164,C,CA,1.021
165,C,CA,1.04
166,C,CA,1.053
167,C,CA,1.05
168,C,CA,1.084
169,C,CA,1.031
170,C,CA,1.05
171,C,CA,1.067
172,C,CA,1.071
173,C,CA,1.04
174,C,CA,1.053
175,C,CA,1.079
176,C,CA,1.06
177,C,CA,1.06
178,C,CA,1.064
179,C,CA,1.09
180,C,CA,1.04
181,C,CA,1.029
182,C,CA,1.011
183,C,CA,1.0
184,C,CA,1.026
185,C,CA,0.98
186,C,CA,1.032
187,C,CA,1.034
188,C,CA,1.039
189,C,CA,1.037
190,C,CA,1.033
191,C,CA,1.105
192,C,CA,1.08
193,C,CA,1.109
194,C,CA,1.083
195,C,CA,1.103
196,C,CA,1.035
197,C,CA,1.049
198,C,CA,1.073
199,C,CA,1.047
200,C,CA,1.032
201,C,CA,1.046
202,C,CA,1.029
203,C,CA,1.074
204,C,CA,1.038
205,C,CA,1.021
206,C,CA,1.075
207,C,CA,1.022
208,C,CA,1.016
209,C,CA,1.099
210,C,CA,1.033
211,C,CA,1.052
212,C,CA,1.053
213,C,CA,1.058
214,C,CA,1.074
215,C,CA,1.07
216,C,CA,1.105
217,C,CA,1.07
218,C,CA,1.027
219,C,CA,1.079
220,C,CA,1.108
221,C,CA,1.074
222,C,CA,1.044
223,C,CA,1.048
224,C,CA,1.071
225,C,CA,1.089
226,C,CA,1.119
227,C,CA,1.087
228,C,CA,1.028
229,C,CA,1.047
230,C,CA,1.032
231,C,CA,1.059
232,C,CA,1.036
233,C,CA,1.014
234,C,CA,1.035
235,C,CA,1.041
236,C,CA,1.04
237,C,CA,1.054
238,C,CA,1.059
239,C,CA,1.058
240,C,CA,1.063
241,C,CA,1.07
242,C,CA,1.018
243,C,CA,1.0
244,C,CA,0.987
245,C,CA,1.047
246,C,CA,1.076
247,C,CA,1.054
248,C,CA,1.054
249,C,CA,1.044
250,C,CA,1.082
251,C,CA,1.021
252,C,CA,1.002
253,C,CA,1.047
254,C,CA,1.058
255,C,CA,1.077
256,C,CA,1.113
257,C,CA,1.138
258,C,CA,1.078
259,C,CA,1.111
260,C,CA,1.102
261,C,CA,1.133
262,C,CA,1.107
263,C,CA,1.09
264,C,CA,1.076
265,C,CA,1.085
266,C,CA,1.058
267,C,CA,1.05
268,C,CA,1.045
269,C,CA,1.042
270,C,CA,1.023
271,C,CA,1.057
272,C,CA,1.048
273,C,CA,1.054
274,C,CA,1.046
275,C,CA,1.059
276,C,CA,1.039
277,C,CA,1.012
278,C,CA,1.039
279,C,CA,1.048
280,C,CA,1.029
281,C,CA,1.049
282,C,CA,1.026
283,C,CA,1.051
284,C,CA,1.071
285,C,CA,1.102
286,C,CA,1.096
287,C,CA,1.053
288,C,CA,1.035
289,C,CA,1.034
290,C,CA,1.038
291,C,CA,1.066
292,C,CA,1.08
293,C,CA,1.05
294,C,CA,1.069
295,C,CA,1.057
296,C,CA,1.051
297,C,CA,1.07
298,C,CA,1.096
299,C,CA,1.07
300,C,CA,1.133
301,C,CA,1.088
302,C,CA,1.037
303,C,CA,1.029
304,C,CA,1.077
305,C,CA,1.04
306,C,CA,1.062
307,C,CA,1.023
308,C,CA,1.054
309,C,CA,1.083
310,C,CA,1.086
311,C,CA,1.085
312,C,CA,1.042
313,C,CA,1.014
314,C,CA,1.044
315,C,CA,1.073
316,C,CA,1.088
317,C,CA,1.095
318,C,CA,1.094
319,C,CA,1.059
320,C,CA,1.057
321,C,CA,1.065
322,C,CA,1.117
323,C,CA,1.084
324,C,CA,1.107
325,C,CA,1.115
326,C,CA,1.139
327,C,CA,1.135
328,C,CA,1.093
329,C,CA,1.07
330,C,CA,1.098
331,C,CA,1.088
332,C,CA,1.094
333,C,CA,1.1
334,C,CA,1.077
335,C,CA,1.086
336,C,CA,1.08
337,C,CA,1.062
338,C,CA,1.03
339,C,CA,1.044
340,C,CA,1.06
341,C,CA,1.022
342,C,CA,1.014
343,C,CA,1.042
344,C,CA,1.064
345,C,CA,1.093
346,C,CA,1.118
347,C,CA,1.122
348,C,CA,1.113
349,C,CA,1.15
350,C,CA,1.132
351,C,CA,1.081
352,C,CA,1.039
353,C,CA,1.04
354,C,CA,1.076
355,C,CA,1.089
356,C,CA,1.081
357,C,CA,1.085
358,C,CA,1.108
359,C,CA,1.105
360,C,CA,1.083
361,C,CA,1.084
362,C,CA,1.091
363,C,CA,1.058
364,C,CA,1.079
365,C,CA,1.045
366,C,CA,1.072
367,C,CA,1.116
368,C,CA,1.093
369,C,CA,1.096
370,C,CA,1.053
371,C,CA,1.063
372,C,CA,1.096
373,C,CA,1.084
374,C,CA,1.087
375,C,CA,1.104
376,C,CA,1.107
377,C,CA,1.106
378,C,CA,1.072
379,C,CA,1.083
380,C,CA,1.028
381,C,CA,1.013
382,C,CA,1.009
383,C,CA,1.0
384,C,CA,1.078
385,C,CA,1.074
386,C,CA,1.077
387,C,CA,1.063
388,C,CA,1.078
389,C,CA,1.07
390,C,CA,1.078
391,C,CA,1.06
392,C,CA,1.059
393,C,CA,1.038
394,C,CA,1.051
395,C,CA,1.108
396,C,CA,1.112
397,C,CA,1.111
398,C,CA,1.093
399,C,CA,1.107
400,C,CA,1.127
401,C,CA,1.074
402,C,CA,1.038
403,C,CA,1.055
404,C,CA,1.068
405,C,CA,1.106
406,C,CA,1.046
407,C,CA,1.013
408,C,CA,1.029
409,C,CA,1.11
410,C,CA,1.078
411,C,CA,1.071
412,C,CA,1.07
413,C,CA,1.063
414,C,CA,1.045
415,C,CA,1.074
416,C,CA,1.076
417,C,CA,1.087
418,C,CA,1.084
419,C,CA,1.017
420,C,CA,1.003
421,C,CA,1.008
422,C,CA,0.988
423,C,CA,1.014
424,C,CA,1.034
425,C,CA,1.068
426,C,CA,1.099
427,C,CA,1.089
428,C,CA,1.09
429,C,CA,1.07
430,C,CA,1.105
431,C,CA,1.075
432,C,CA,1.08
433,C,CA,1.123
434,C,CA,1.154
435,C,CA,1.105
436,C,CA,1.067
437,C,CA,1.123
438,C,CA,1.075
439,C,CA,1.03
440,C,CA,1.005
441,C,CA,1.025
442,C,CA,1.049
443,C,CA,1.032
444,C,CA,1.017
445,C,CA,1.014
446,C,CA,1.005
447,C,CA,1.043
448,C,CA,1.034
449,C,CA,1.034
450,C,CA,1.073
451,C,CA,1.089
452,C,CA,1.041
453,C,CA,1.003
454,C,CA,0.973
455,C,CA,0.976
456,C,CA,1.007
457,C,CA,1.024
458,C,CA,1.027
459,C,CA,1.036
460,C,CA,1.073
461,C,CA,1.07
462,C,CA,1.083
463,C,CA,1.074
464,C,CA,1.058
465,C,CA,1.085
466,C,CA,1.074
467,C,CA,1.048
468,C,CA,1.058
469,C,CA,0.991
470,C,CA,1.006
471,C,CA,1.048
472,C,CA,1.058
473,C,CA,1.066
474,C,CA,1.064
475,C,CA,1.099
476,C,CA,1.096
477,C,CA,1.06
478,C,CA,1.097
479,C,CA,1.085
480,C,CA,1.023
481,C,CA,1.017
482,C,CA,1.013
483,C,CA,1.033
484,C,CA,1.032
485,C,CA,1.045
486,C,CA,1.041
487,C,CA,1.003
488,C,CA,1.015
489,C,CA,1.011
490,C,CA,1.012
491,C,CA,1.065
492,C,CA,1.022
493,C,CA,1.1
494,C,CA,1.093
495,C,CA,1.055
496,C,CA,1.067
497,C,CA,1.082
498,C,CA,1.087
499,C,CA,1.075
500,C,CA,1.06
1,C,RA,1.299
2,C,RA,1.317
3,C,RA,1.319
4,C,RA,1.297
5,C,RA,1.296
6,C,RA,1.282
7,C,RA,1.288
8,C,RA,1.311
9,C,RA,1.279
10,C,RA,1.285
11,C,RA,1.224
12,C,RA,1.211
13,C,RA,1.269
14,C,RA,1.271
15,C,RA,1.291
16,C,RA,1.325
17,C,RA,1.281
18,C,RA,1.303
19,C,RA,1.31
20,C,RA,1.301
21,C,RA,1.334
22,C,RA,1.363
23,C,RA,1.321
24,C,RA,1.332
25,C,RA,1.371
26,C,RA,1.371
27,C,RA,1.333
28,C,RA,1.318
29,C,RA,1.295
30,C,RA,1.279
31,C,RA,1.279
32,C,RA,1.256
33,C,RA,1.324
34,C,RA,1.213
35,C,RA,1.242
36,C,RA,1.241
37,C,RA,1.295
38,C,RA,1.27
39,C,RA,1.297
40,C,RA,1.384
41,C,RA,1.331
42,C,RA,1.331
43,C,RA,1.324
44,C,RA,1.307
45,C,RA,1.334
46,C,RA,1.378
47,C,RA,1.344
48,C,RA,1.258
49,C,RA,1.28
50,C,RA,1.289
51,C,RA,1.356
52,C,RA,1.36
53,C,RA,1.335
54,C,RA,1.37
55,C,RA,1.366
56,C,RA,1.323
57,C,RA,1.325
58,C,RA,1.4
59,C,RA,1.35
60,C,RA,1.357
61,C,RA,1.368
62,C,RA,1.338
63,C,RA,1.367
64,C,RA,1.256
65,C,RA,1.317
66,C,RA,1.287
67,C,RA,1.304
68,C,RA,1.335
69,C,RA,1.333
70,C,RA,1.354
71,C,RA,1.313
72,C,RA,1.367
73,C,RA,1.274
74,C,RA,1.318
75,C,RA,1.319
76,C,RA,1.264
77,C,RA,1.266
78,C,RA,1.323
79,C,RA,1.389
80,C,RA,1.364
81,C,RA,1.262
82,C,RA,1.285
83,C,RA,1.235
84,C,RA,1.306
85,C,RA,1.269
86,C,RA,1.301
87,C,RA,1.368
88,C,RA,1.422
89,C,RA,1.378
90,C,RA,1.33
91,C,RA,1.294
92,C,RA,1.189
93,C,RA,1.239
94,C,RA,1.268
95,C,RA,1.308
96,C,RA,1.315
97,C,RA,1.342
98,C,RA,1.317
99,C,RA,1.287
100,C,RA,1.291
101,C,RA,1.322
102,C,RA,1.267
103,C,RA,1.263
104,C,RA,1.277
105,C,RA,1.304
106,C,RA,1.263
107,C,RA,1.315
108,C,RA,1.347
109,C,RA,1.268
110,C,RA,1.229
111,C,RA,1.247
112,C,RA,1.26
113,C,RA,1.314
114,C,RA,1.339
115,C,RA,1.327
116,C,RA,1.335
117,C,RA,1.351
118,C,RA,1.324
119,C,RA,1.37
120,C,RA,1.398
121,C,RA,1.316
122,C,RA,1.322
123,C,RA,1.376
124,C,RA,1.31
125,C,RA,1.382
126,C,RA,1.344
127,C,RA,1.288
128,C,RA,1.26
129,C,RA,1.306
130,C,RA,1.327
131,C,RA,1.29
132,C,RA,1.272
133,C,RA,1.302
134,C,RA,1.293
135,C,RA,1.357
136,C,RA,1.342
137,C,RA,1.395
138,C,RA,1.357
139,C,RA,1.437
140,C,RA,1.428
141,C,RA,1.36
142,C,RA,1.341
143,C,RA,1.359
144,C,RA,1.335
145,C,RA,1.278
146,C,RA,1.307
147,C,RA,1.267
148,C,RA,1.376
149,C,RA,1.404
150,C,RA,1.437
151,C,RA,1.342
152,C,RA,1.334
153,C,RA,1.336
154,C,RA,1.257
155,C,RA,1.211
156,C,RA,1.204
157,C,RA,1.227
158,C,RA,1.253
159,C,RA,1.196
160,C,RA,1.215
161,C,RA,1.231
162,C,RA,1.294
163,C,RA,1.337
164,C,RA,1.301
165,C,RA,1.298
166,C,RA,1.237
167,C,RA,1.268
168,C,RA,1.358
169,C,RA,1.377
170,C,RA,1.43
171,C,RA,1.378
172,C,RA,1.367
173,C,RA,1.359
174,C,RA,1.363
175,C,RA,1.325
176,C,RA,1.262
177,C,RA,1.302
178,C,RA,1.271
179,C,RA,1.219
180,C,RA,1.256
181,C,RA,1.195
182,C,RA,1.273
183,C,RA,1.299
184,C,RA,1.301
185,C,RA,1.355
186,C,RA,1.26
187,C,RA,1.303
188,C,RA,1.39
189,C,RA,1.336
190,C,RA,1.349
191,C,RA,1.329
192,C,RA,1.303
193,C,RA,1.354
194,C,RA,1.347
195,C,RA,1.357
196,C,RA,1.356
197,C,RA,1.347
198,C,RA,1.244
199,C,RA,1.315
200,C,RA,1.285
201,C,RA,1.291
202,C,RA,1.312
203,C,RA,1.375
204,C,RA,1.441
205,C,RA,1.373
206,C,RA,1.253
207,C,RA,1.371
208,C,RA,1.385
209,C,RA,1.343
210,C,RA,1.346
211,C,RA,1.287
212,C,RA,1.345
213,C,RA,1.35
214,C,RA,1.268
215,C,RA,1.274
216,C,RA,1.34
217,C,RA,1.301
218,C,RA,1.276
219,C,RA,1.312
220,C,RA,1.262
221,C,RA,1.245
222,C,RA,1.336
223,C,RA,1.317
224,C,RA,1.312
225,C,RA,1.368
226,C,RA,1.352
227,C,RA,1.378
228,C,RA,1.333
229,C,RA,1.277
230,C,RA,1.311
231,C,RA,1.308
232,C,RA,1.321
233,C,RA,1.312
234,C,RA,1.332
235,C,RA,1.277
236,C,RA,1.252
237,C,RA,1.248
238,C,RA,1.17
239,C,RA,1.188
240,C,RA,1.234
241,C,RA,1.253
242,C,RA,1.273
243,C,RA,1.274
244,C,RA,1.276
245,C,RA,1.286
246,C,RA,1.329
247,C,RA,1.35
248,C,RA,1.329
249,C,RA,1.402
250,C,RA,1.365
251,C,RA,1.374
252,C,RA,1.42
253,C,RA,1.36
254,C,RA,1.366
255,C,RA,1.31
256,C,RA,1.298
257,C,RA,1.333
258,C,RA,1.291
259,C,RA,1.305
260,C,RA,1.268
261,C,RA,1.281
262,C,RA,1.283
263,C,RA,1.362
264,C,RA,1.335
265,C,RA,1.319
266,C,RA,1.329
267,C,RA,1.368
268,C,RA,1.268
269,C,RA,1.282
270,C,RA,1.288
271,C,RA,1.338
272,C,RA,1.366
273,C,RA,1.38
274,C,RA,1.334
275,C,RA,1.321
276,C,RA,1.293
277,C,RA,1.218
278,C,RA,1.196
279,C,RA,1.219
280,C,RA,1.27
281,C,RA,1.312
282,C,RA,1.324
283,C,RA,1.263
284,C,RA,1.314
285,C,RA,1.34
286,C,RA,1.403
287,C,RA,1.376
288,C,RA,1.311
289,C,RA,1.329
290,C,RA,1.306
291,C,RA,1.27
292,C,RA,1.256
293,C,RA,1.264
294,C,RA,1.329
295,C,RA,1.292
296,C,RA,1.359
297,C,RA,1.305
298,C,RA,1.285
299,C,RA,1.36
300,C,RA,1.352
301,C,RA,1.351
302,C,RA,1.379
303,C,RA,1.37
304,C,RA,1.35
305,C,RA,1.333
306,C,RA,1.331
307,C,RA,1.299
308,C,RA,1.304
309,C,RA,1.232
310,C,RA,1.234
311,C,RA,1.242
312,C,RA,1.284
313,C,RA,1.328
314,C,RA,1.322
315,C,RA,1.226
316,C,RA,1.227
317,C,RA,1.195
318,C,RA,1.285
319,C,RA,1.302
320,C,RA,1.311
321,C,RA,1.311
322,C,RA,1.317
323,C,RA,1.346
324,C,RA,1.371
325,C,RA,1.329
326,C,RA,1.361
327,C,RA,1.288
328,C,RA,1.269
329,C,RA,1.246
330,C,RA,1.28
331,C,RA,1.283
332,C,RA,1.263
333,C,RA,1.263
334,C,RA,1.222
335,C,RA,1.261
336,C,RA,1.301
337,C,RA,1.274
338,C,RA,1.293
339,C,RA,1.291
340,C,RA,1.25
341,C,RA,1.219
342,C,RA,1.289
343,C,RA,1.267
344,C,RA,1.289
345,C,RA,1.29
346,C,RA,1.275
347,C,RA,1.327
348,C,RA,1.299
349,C,RA,1.289
350,C,RA,1.313
351,C,RA,1.299
352,C,RA,1.35
353,C,RA,1.325
354,C,RA,1.313
355,C,RA,1.344
356,C,RA,1.359
357,C,RA,1.318
358,C,RA,1.294
359,C,RA,1.379
360,C,RA,1.339
361,C,RA,1.335
362,C,RA,1.364
363,C,RA,1.286
364,C,RA,1.324
365,C,RA,1.319
366,C,RA,1.279
367,C,RA,1.268
368,C,RA,1.306
369,C,RA,1.311
370,C,RA,1.296
371,C,RA,1.271
372,C,RA,1.211
373,C,RA,1.262
374,C,RA,1.298
375,C,RA,1.286
376,C,RA,1.288
377,C,RA,1.259
378,C,RA,1.218
379,C,RA,1.242
380,C,RA,1.342
381,C,RA,1.289
382,C,RA,1.318
383,C,RA,1.289
384,C,RA,1.265
385,C,RA,1.311
386,C,RA,1.27
387,C,RA,1.247
388,C,RA,1.248
389,C,RA,1.289
390,C,RA,1.297
391,C,RA,1.294
392,C,RA,1.302
393,C,RA,1.362
394,C,RA,1.297
395,C,RA,1.302
396,C,RA,1.305
397,C,RA,1.277
398,C,RA,1.299
399,C,RA,1.331
400,C,RA,1.252
401,C,RA,1.294
402,C,RA,1.301
403,C,RA,1.284
404,C,RA,1.214
405,C,RA,1.286
406,C,RA,1.272
407,C,RA,1.296
408,C,RA,1.292
409,C,RA,1.324
410,C,RA,1.277
411,C,RA,1.209
412,C,RA,1.272
413,C,RA,1.31
414,C,RA,1.33
415,C,RA,1.3
416,C,RA,1.301
417,C,RA,1.305
418,C,RA,1.241
419,C,RA,1.302
420,C,RA,1.316
421,C,RA,1.332
422,C,RA,1.318
423,C,RA,1.35
424,C,RA,1.286
425,C,RA,1.268
426,C,RA,1.319
427,C,RA,1.325
428,C,RA,1.292
429,C,RA,1.326
430,C,RA,1.261
431,C,RA,1.288
432,C,RA,1.324
433,C,RA,1.326
434,C,RA,1.315
435,C,RA,1.282
436,C,RA,1.304
437,C,RA,1.281
438,C,RA,1.287
439,C,RA,1.292
440,C,RA,1.293
441,C,RA,1.281
442,C,RA,1.256
443,C,RA,1.302
444,C,RA,1.356
445,C,RA,1.27
446,C,RA,1.339
447,C,RA,1.261
448,C,RA,1.346
449,C,RA,1.323
450,C,RA,1.32
451,C,RA,1.275
452,C,RA,1.268
453,C,RA,1.322
454,C,RA,1.321
455,C,RA,1.339
456,C,RA,1.365
457,C,RA,1.365
458,C,RA,1.357
459,C,RA,1.283
460,C,RA,1.316
461,C,RA,1.299
462,C,RA,1.272
463,C,RA,1.317
464,C,RA,1.254
465,C,RA,1.347
466,C,RA,1.404
467,C,RA,1.374
468,C,RA,1.323
469,C,RA,1.338
470,C,RA,1.278
471,C,RA,1.285
472,C,RA,1.274
473,C,RA,1.29
474,C,RA,1.223
475,C,RA,1.277
476,C,RA,1.281
477,C,RA,1.323
478,C,RA,1.258
479,C,RA,1.24
480,C,RA,1.281
481,C,RA,1.294
482,C,RA,1.343
483,C,RA,1.292
484,C,RA,1.269
485,C,RA,1.222
486,C,RA,1.241
487,C,RA,1.252
488,C,RA,1.327
489,C,RA,1.273
490,C,RA,1.262
491,C,RA,1.215
492,C,RA,1.252
493,C,RA,1.292
494,C,RA,1.275
495,C,RA,1.246
496,C,RA,1.181
497,C,RA,1.222
498,C,RA,1.264
499,C,RA,1.263
500,C,RA,1.314
